part_id,vehicle_id,fitment,adapter_notes,source_url,confidence,evidence
2-0-fork,79bike-falcon-pro,direct,,,high,Compatible Models: 79Bike Falcon Pro
72-v-35-ah,79bike-falcon-pro,direct,,,high,Compatible Models: 79Bike Falcon Pro
dunlop-mx33-70-100-19,79bike-falcon-pro,platform,Verify crown/swingarm clearance,https://revrides.com/products/dunlop-geo-max-mx33-for-surron-e-ride-pro-talaria-and-more,medium,REVRides MX33 page fitment list; 70/100-19 called out as e-moto size
dunlop-mx33-90-100-16,79bike-falcon-pro,platform,16in rear conversion size,https://revrides.com/products/dunlop-geo-max-mx33-for-surron-e-ride-pro-talaria-and-more,medium,REVRides MX33 page lists 90/100-16 among e-moto sizes
fastace-four-piston-kit,79bike-falcon-pro,platform,Power-off sensor only on Talaria MX3/MX4; others without cut-off,https://eoffroadparts.com/products/hydraulic-disc-brakes-kit-for-talaria-mx3-r-mx4-xxx-segway-x160-x260-sur-ron-light-bee-x-79-bikes-e-ride-pro-ss,medium,"Listing: Talaria MX3/MX4/XXX, Light Bee X, X160/X260, 79Bike Falcon M, E Ride Pro-SS"
gritshift-heavy-hitter-lightning-stop,79bike-falcon-pro,adapter,Bracket+rotor only; needs Brembo P32/P34 + Magura/Brembo master. Talaria spacer included.,https://revrides.com/products/heavy-hitter-lightning-stop-mx-conversion-big-brake-kit,medium,"REVRides fitment: Sur Ron LBX, Segway X260/X160, Talaria MX3/MX4/XXX, Eride Pro/SS, 79bike Falcon-M"
shinko-241-275-19,79bike-falcon-pro,platform,19in front/rear size; confirm rim width. Sold each.,https://revrides.com/products/shinko-241-for-surron-e-ride-pro-talaria-and-more,medium,REVRides fitment list includes these e-moto models; size 2.75-19 PN 87-4446
shinko-241-300-16,79bike-falcon-pro,platform,16in rear — typically a 19/16 conversion not stock 19/19 Ultra Bee,https://revrides.com/products/shinko-241-for-surron-e-ride-pro-talaria-and-more,medium,REVRides same platform list; size 3.00-16 PN 87-4441
tb-moto-brake-caliper-bracket-front,79bike-falcon-pro,adapter,Moto caliper + 240mm moto rotor. SS 2.0 only with Fastace fork.,https://tbelectricmoto.com/products/moto-brake-conversion-kit-front-caliper-mounting-bracket,high,TB Electric front bracket fitment list
volar-sport-full-brake-kit,79bike-falcon-pro,adapter,Order Surron vs Talaria fitment. E-Ride SS 2.0 older RST fork has own adapter; Fastace uses Surron. 14-21in wheels.,https://revrides.com/products/volar-sport-full-brake-kit-front-rear-for-e-ride-pro-sur-ron-talaria-more,high,REVRides bike fitment list names these platforms and Surron vs Talaria mount brackets
warp9-17x250-lbx-eride-79bike,79bike-falcon-pro,direct,Supermoto 17x2.50 both ends,https://warp9racing.com/products/surron-light-bee-eride-pro-s-ss-2-0-ventus-79-bike-falcon-19-16-wheel-set-copy-1,high,Official: same platform list as 19/16 LBX/Eride set
warp9-18-21-surron-eride,79bike-falcon-pro,direct,21in fork clearance still required; NOT Talaria,https://chargedcycleworks.com/products/18-21-complete-wheel-tire-combo-warp9-for-surron-segway,high,"Charged: E-Ride Pro SS 1.0/2.0, Falcon 79. NOT COMPATIBLE WITH TALARIA"
warp9-19-16-lbx-eride-79bike,79bike-falcon-pro,direct,Bare wheel reuses OEM rotor/sprocket bolt pattern,https://warp9racing.com/products/lbx-eride-pro-19-16-wheel-set,high,"Official: spec'd for SurRon Light Bee X, E Ride Pro S / SS / 2.0, Ventus, 79Bike Falcon"
warp9-220mm-caliper-adapter,79bike-falcon-pro,platform,Dealer fitment list; official page does not enumerate these,https://revrides.com/products/warp-9-220mm-rear-brake-rotor-adapter,medium,REVRides fitment list for Warp 9 220mm rear adapter
warp9-rear-420-sprocket-54t,79bike-falcon-pro,direct,54T needs ~110-link chain; stock chain only to 48T,https://gritshift.com/products/warp-9-e-bike-rear-sprocket,high,"GritShift fitment: Sur Ron LBX/S, Segway X160/X260, Talaria MX3/MX4, XXX, E Ride Pro-S/SS/2.0, 79Bike Falcon Pro/GT, Rawr Mantis X/Pro"
warp9-rear-420-sprocket-58t,79bike-falcon-pro,direct,58T typically ~112-link on LBX/Sting,https://gritshift.com/products/warp-9-e-bike-rear-sprocket,high,"GritShift fitment: Sur Ron LBX/S, Segway X160/X260, Talaria MX3/MX4, XXX, E Ride Pro-S/SS/2.0, 79Bike Falcon Pro/GT, Rawr Mantis X/Pro"
warp9-rear-420-sprocket-64t,79bike-falcon-pro,direct,64T typically ~116-link on LBX/Sting,https://gritshift.com/products/warp-9-e-bike-rear-sprocket,high,"GritShift fitment: Sur Ron LBX/S, Segway X160/X260, Talaria MX3/MX4, XXX, E Ride Pro-S/SS/2.0, 79Bike Falcon Pro/GT, Rawr Mantis X/Pro"
warp9-steerlock-stem-lock,79bike-falcon-pro,direct,Falcon S needs Warp 9 bar clamps. Two versions: fender-mount vs no-fender.,https://www.warp9racing.com/product/surron-talaria-stem-lock/,high,"Official tags: Light Bee, Segway, Sting MX3, Sting R-MX4, XXX, Falcon M/S"
formula-e-moto-brakes,altis-sigma-mx,incompatible,Factory DOT brake bikes,https://chargedcycleworks.com/products/formula-e-moto-brakes,high,"Charged: Does NOT fit E Ride Pro 3.0/SR, Talaria MX5, Altis Sigma"
warp9-220mm-caliper-adapter,altis-sigma-mx,platform,Dealer fitment list; official page does not enumerate these,https://revrides.com/products/warp-9-220mm-rear-brake-rotor-adapter,medium,REVRides fitment list for Warp 9 220mm rear adapter
ebmx-xlb-60-mount-and-harness-e-ride,e-ride-pro-mini,direct,,https://chargedcycleworks.com/products/ebmx-xlb-60-mount-and-harness-set-for-e-ride,high,"ies (E-Ride Pro,Mini,S,SS,SR)"
dunlop-mx33-70-100-19,e-ride-pro-s,platform,Verify crown/swingarm clearance,https://revrides.com/products/dunlop-geo-max-mx33-for-surron-e-ride-pro-talaria-and-more,medium,REVRides MX33 page fitment list; 70/100-19 called out as e-moto size
dunlop-mx33-90-100-16,e-ride-pro-s,platform,16in rear conversion size,https://revrides.com/products/dunlop-geo-max-mx33-for-surron-e-ride-pro-talaria-and-more,medium,REVRides MX33 page lists 90/100-16 among e-moto sizes
ebmx-extended-swingarm,e-ride-pro-s,direct,Select E Ride Pro SS 2.0 variant on Charged; REVRides excludes 3.0/SR on standard arm,https://chargedcycleworks.com/products/ebmx-extended-swingarm,high,"Charged: E Ride Pro S, E Ride Pro SS 2.0"
ebmx-x-9000-controller-1-2-harness-for-bc351-color-display-v2,e-ride-pro-s,direct,,https://chargedcycleworks.com/products/ebmx-x-9000-controller-1-2-harness-for-bc351-color-display,high,Works with E-Ride Pro S / SS 2.0 V2 con
ebmx-x-9000-controller-e-ride-pro-harness-plus-mounting-kit-plus-bashguard-v3,e-ride-pro-s,direct,,https://chargedcycleworks.com/products/x-9000-controller-eride-pro-harness-mounting-kit-and-bashguard-v3,high,Designed for E-Ride Pro S / SS 2.0 (V3 ba
ebmx-xlb-60-core,e-ride-pro-s,adapter,Darwin lists E Ride Pro S / SS 2.0,https://darwinev.com/products/ebmx-xlb-60-core-motor/,medium,Darwin: E Ride Pro SS 2.0 / S
ebmx-xlb-60-mount-and-harness-e-ride,e-ride-pro-s,direct,,https://chargedcycleworks.com/products/ebmx-xlb-60-mount-and-harness-set-for-e-ride,high,E-Ride Pro series (E-Ride Pr
formula-e-moto-brakes,e-ride-pro-s,direct,Mineral-oil 203/220mm bikes only; no e-brake sensor,https://chargedcycleworks.com/products/formula-e-moto-brakes,high,"Charged: Fits mineral oil bikes (Surron Light Bee, Talaria MX3/MX4, E Ride Pro S and SS 2.0)"
gritshift-heavy-hitter-lightning-stop,e-ride-pro-s,adapter,Bracket+rotor only; needs Brembo P32/P34 + Magura/Brembo master. Talaria spacer included.,https://revrides.com/products/heavy-hitter-lightning-stop-mx-conversion-big-brake-kit,medium,"REVRides fitment: Sur Ron LBX, Segway X260/X160, Talaria MX3/MX4/XXX, Eride Pro/SS, 79bike Falcon-M"
kke-19-16-excel-surron-eride,e-ride-pro-s,direct,Stock disc and sprocket,https://chargedcycleworks.com/products/kke-19-16-e-moto-wheels-excel-takasago-rims-fit-surron-light-bee-x-e-ride-pro-ss-collective,high,"Charged fitment: Surron Light Bee S/X, E Ride Pro S, E Ride Pro SS 2.0, Ventus One"
magura-mt5,e-ride-pro-s,platform,One-side kit; flip for F or R; typically loses brake-light sensor,https://surronoffroadusa.com/product/magura-mt5-brake-system-1-side-front-or-rear/,medium,"Vendor compatibility: Sur Ron, Talaria, Eride Pro and similar e-bikes"
rfloxa-max-triple-clamp,e-ride-pro-s,adapter,FastAce AHX12RV/ALX13RC or RFLoXa FCG31/32. Talaria needs lower-bearing spacer.,https://www.rflo-xa.com/products/rfloxa-max-triple-clamp-for-fastace-ahx12rv-alx13rc-front-fork-for-surron-talaria,high,"Official: Talaria Sting MX3/MX4/MX5, Sur-Ron Light Bee, and Eride Pro"
shinko-241-275-19,e-ride-pro-s,platform,19in front/rear size; confirm rim width. Sold each.,https://revrides.com/products/shinko-241-for-surron-e-ride-pro-talaria-and-more,medium,REVRides fitment list includes these e-moto models; size 2.75-19 PN 87-4446
shinko-241-300-16,e-ride-pro-s,platform,16in rear — typically a 19/16 conversion not stock 19/19 Ultra Bee,https://revrides.com/products/shinko-241-for-surron-e-ride-pro-talaria-and-more,medium,REVRides same platform list; size 3.00-16 PN 87-4441
tb-moto-brake-caliper-bracket-front,e-ride-pro-s,adapter,Moto caliper + 240mm moto rotor. SS 2.0 only with Fastace fork.,https://tbelectricmoto.com/products/moto-brake-conversion-kit-front-caliper-mounting-bracket,high,TB Electric front bracket fitment list
volar-sport-full-brake-kit,e-ride-pro-s,adapter,Order Surron vs Talaria fitment. E-Ride SS 2.0 older RST fork has own adapter; Fastace uses Surron. 14-21in wheels.,https://revrides.com/products/volar-sport-full-brake-kit-front-rear-for-e-ride-pro-sur-ron-talaria-more,high,REVRides bike fitment list names these platforms and Surron vs Talaria mount brackets
warp9-17x250-lbx-eride-79bike,e-ride-pro-s,direct,Supermoto 17x2.50 both ends,https://warp9racing.com/products/surron-light-bee-eride-pro-s-ss-2-0-ventus-79-bike-falcon-19-16-wheel-set-copy-1,high,Official: same platform list as 19/16 LBX/Eride set
warp9-18-21-surron-eride,e-ride-pro-s,adapter,Requires 220mm brake rotor adapters F/R; 21in fork clearance,https://chargedcycleworks.com/products/18-21-complete-wheel-tire-combo-warp9-for-surron-segway,high,Charged: Surron Light Bee (requires 220 brake rotor adapters); E-Ride Pro S (requires adapters)
warp9-19-16-lbx-eride-79bike,e-ride-pro-s,direct,Bare wheel reuses OEM rotor/sprocket bolt pattern,https://warp9racing.com/products/lbx-eride-pro-19-16-wheel-set,high,"Official: spec'd for SurRon Light Bee X, E Ride Pro S / SS / 2.0, Ventus, 79Bike Falcon"
warp9-220mm-caliper-adapter,e-ride-pro-s,platform,Dealer fitment list; official page does not enumerate these,https://revrides.com/products/warp-9-220mm-rear-brake-rotor-adapter,medium,REVRides fitment list for Warp 9 220mm rear adapter
warp9-fastace-drop-crown,e-ride-pro-s,adapter,Only with FastAce AHX12RV/AHX12RVP/ALX13RC. Needs direct bar mount + 220/240 rotor. Not OEM Talaria forks.,https://warp9racing.com/products/fastace-triple-clamps,high,"Official: Talaria Sting MX3/MX4, Sur-Ron Light Bee, and Eride Pro; FastAce AHX12RV & ALX13RC"
warp9-rear-420-sprocket-54t,e-ride-pro-s,direct,54T needs ~110-link chain; stock chain only to 48T,https://gritshift.com/products/warp-9-e-bike-rear-sprocket,high,"GritShift fitment: Sur Ron LBX/S, Segway X160/X260, Talaria MX3/MX4, XXX, E Ride Pro-S/SS/2.0, 79Bike Falcon Pro/GT, Rawr Mantis X/Pro"
warp9-rear-420-sprocket-58t,e-ride-pro-s,direct,58T typically ~112-link on LBX/Sting,https://gritshift.com/products/warp-9-e-bike-rear-sprocket,high,"GritShift fitment: Sur Ron LBX/S, Segway X160/X260, Talaria MX3/MX4, XXX, E Ride Pro-S/SS/2.0, 79Bike Falcon Pro/GT, Rawr Mantis X/Pro"
warp9-rear-420-sprocket-64t,e-ride-pro-s,direct,64T typically ~116-link on LBX/Sting,https://gritshift.com/products/warp-9-e-bike-rear-sprocket,high,"GritShift fitment: Sur Ron LBX/S, Segway X160/X260, Talaria MX3/MX4, XXX, E Ride Pro-S/SS/2.0, 79Bike Falcon Pro/GT, Rawr Mantis X/Pro"
dunlop-mx33-70-100-19,e-ride-pro-sr,platform,Verify crown/swingarm clearance,https://revrides.com/products/dunlop-geo-max-mx33-for-surron-e-ride-pro-talaria-and-more,medium,REVRides MX33 page fitment list; 70/100-19 called out as e-moto size
dunlop-mx33-90-100-16,e-ride-pro-sr,platform,16in rear conversion size,https://revrides.com/products/dunlop-geo-max-mx33-for-surron-e-ride-pro-talaria-and-more,medium,REVRides MX33 page lists 90/100-16 among e-moto sizes
ebmx-extended-swingarm,e-ride-pro-sr,direct,Charged CCW Edition variant ($889) only — not the $789 LBX/SS2.0 arm,https://chargedcycleworks.com/products/ebmx-extended-swingarm,medium,Charged variant: CCW Edition E Ride Pro 3.0 / SR
ebmx-x-9000-controller-e-ride-pro-harness-plus-mounting-kit-plus-bashguard-v3,e-ride-pro-sr,incompatible,,https://chargedcycleworks.com/products/x-9000-controller-eride-pro-harness-mounting-kit-and-bashguard-v3,high,vendor text: does not fit this model
ebmx-x-9000-e-ride-pro-sr-installation-kit-v3,e-ride-pro-sr,direct,,https://chargedcycleworks.com/products/ebmx-x-9000-e-ride-pro-sr-installation-kit-v3,high,3 EBMX X-9000 + E-Ride Pro SR motor
ebmx-xlb-60-mount-and-harness-e-ride,e-ride-pro-sr,direct,,https://chargedcycleworks.com/products/ebmx-xlb-60-mount-and-harness-set-for-e-ride,high,Compatible Motors text
ext-ferro-brake-adapter-e-ride-pro-3-0-sr,e-ride-pro-sr,direct,,https://chargedcycleworks.com/products/ext-ferro-brake-adapter-for-e-ride-pro-3-0-sr,high,title says EXT Ferro Brake Adapter (E-Ride Pro 3.0 / SR)
formula-e-moto-brakes,e-ride-pro-sr,incompatible,Factory DOT brake bikes,https://chargedcycleworks.com/products/formula-e-moto-brakes,high,"Charged: Does NOT fit E Ride Pro 3.0/SR, Talaria MX5, Altis Sigma"
shinko-241-275-19,e-ride-pro-sr,platform,19in front/rear size; confirm rim width. Sold each.,https://revrides.com/products/shinko-241-for-surron-e-ride-pro-talaria-and-more,medium,REVRides fitment list includes these e-moto models; size 2.75-19 PN 87-4446
shinko-241-300-16,e-ride-pro-sr,platform,16in rear — typically a 19/16 conversion not stock 19/19 Ultra Bee,https://revrides.com/products/shinko-241-for-surron-e-ride-pro-talaria-and-more,medium,REVRides same platform list; size 3.00-16 PN 87-4441
warp9-220mm-caliper-adapter,e-ride-pro-sr,platform,Dealer fitment list; official page does not enumerate these,https://revrides.com/products/warp-9-220mm-rear-brake-rotor-adapter,medium,REVRides fitment list for Warp 9 220mm rear adapter
warp9-steerlock-stem-lock,e-ride-pro-sr,platform,"Dealer list, not official Warp9 tags",https://tbelectricmoto.com/products/warp-9-stem-lock,medium,"TB Electric bike fitment includes MX5, E-Ride Pro SS 1/2/3, SR"
dunlop-mx33-70-100-19,e-ride-pro-ss-2,platform,Verify crown/swingarm clearance,https://revrides.com/products/dunlop-geo-max-mx33-for-surron-e-ride-pro-talaria-and-more,medium,REVRides MX33 page fitment list; 70/100-19 called out as e-moto size
dunlop-mx33-90-100-16,e-ride-pro-ss-2,platform,16in rear conversion size,https://revrides.com/products/dunlop-geo-max-mx33-for-surron-e-ride-pro-talaria-and-more,medium,REVRides MX33 page lists 90/100-16 among e-moto sizes
ebmx-extended-swingarm,e-ride-pro-ss-2,direct,Select E Ride Pro SS 2.0 variant on Charged; REVRides excludes 3.0/SR on standard arm,https://chargedcycleworks.com/products/ebmx-extended-swingarm,high,"Charged: E Ride Pro S, E Ride Pro SS 2.0"
ebmx-x-9000-controller-1-2-harness-for-bc351-color-display-v2,e-ride-pro-ss-2,direct,,https://chargedcycleworks.com/products/ebmx-x-9000-controller-1-2-harness-for-bc351-color-display,high,E-Ride Pro S / SS 2.0 V2 controller
ebmx-x-9000-controller-e-ride-pro-harness-plus-mounting-kit-plus-bashguard-v3,e-ride-pro-ss-2,direct,,https://chargedcycleworks.com/products/x-9000-controller-eride-pro-harness-mounting-kit-and-bashguard-v3,high,E-Ride Pro S / SS 2.0 (V3 battery c
ebmx-xlb-60-core,e-ride-pro-ss-2,adapter,Harness adapters required,https://www.ebmx.com/xlb-60-core,high,Official: Eride Pro SS (harness adapters required)
ebmx-xlb-60-race,e-ride-pro-ss-2,adapter,Harness adapters required; ECR names SS 2.0,https://www.ebmx.com/xlb-60-race,high,Official: Eride Pro SS (harness adapters required)
fastace-four-piston-kit,e-ride-pro-ss-2,platform,Power-off sensor only on Talaria MX3/MX4; others without cut-off,https://eoffroadparts.com/products/hydraulic-disc-brakes-kit-for-talaria-mx3-r-mx4-xxx-segway-x160-x260-sur-ron-light-bee-x-79-bikes-e-ride-pro-ss,medium,"Listing: Talaria MX3/MX4/XXX, Light Bee X, X160/X260, 79Bike Falcon M, E Ride Pro-SS"
formula-e-moto-brakes,e-ride-pro-ss-2,direct,Mineral-oil 203/220mm bikes only; no e-brake sensor,https://chargedcycleworks.com/products/formula-e-moto-brakes,high,"Charged: Fits mineral oil bikes (Surron Light Bee, Talaria MX3/MX4, E Ride Pro S and SS 2.0)"
gritshift-heavy-hitter-lightning-stop,e-ride-pro-ss-2,adapter,Bracket+rotor only; needs Brembo P32/P34 + Magura/Brembo master. Talaria spacer included.,https://revrides.com/products/heavy-hitter-lightning-stop-mx-conversion-big-brake-kit,medium,"REVRides fitment: Sur Ron LBX, Segway X260/X160, Talaria MX3/MX4/XXX, Eride Pro/SS, 79bike Falcon-M"
kke-19-16-excel-surron-eride,e-ride-pro-ss-2,direct,Stock disc and sprocket,https://chargedcycleworks.com/products/kke-19-16-e-moto-wheels-excel-takasago-rims-fit-surron-light-bee-x-e-ride-pro-ss-collective,high,"Charged fitment: Surron Light Bee S/X, E Ride Pro S, E Ride Pro SS 2.0, Ventus One"
rfloxa-max-triple-clamp,e-ride-pro-ss-2,adapter,FastAce AHX12RV/ALX13RC or RFLoXa FCG31/32. Talaria needs lower-bearing spacer.,https://www.rflo-xa.com/products/rfloxa-max-triple-clamp-for-fastace-ahx12rv-alx13rc-front-fork-for-surron-talaria,high,"Official: Talaria Sting MX3/MX4/MX5, Sur-Ron Light Bee, and Eride Pro"
shinko-241-275-19,e-ride-pro-ss-2,platform,19in front/rear size; confirm rim width. Sold each.,https://revrides.com/products/shinko-241-for-surron-e-ride-pro-talaria-and-more,medium,REVRides fitment list includes these e-moto models; size 2.75-19 PN 87-4446
shinko-241-300-16,e-ride-pro-ss-2,platform,16in rear — typically a 19/16 conversion not stock 19/19 Ultra Bee,https://revrides.com/products/shinko-241-for-surron-e-ride-pro-talaria-and-more,medium,REVRides same platform list; size 3.00-16 PN 87-4441
tb-moto-brake-caliper-bracket-front,e-ride-pro-ss-2,adapter,Only the Fastace-fork SS 2.0; older RST not this SKU,https://tbelectricmoto.com/products/moto-brake-conversion-kit-front-caliper-mounting-bracket,high,TB Electric: E-Ride Pro SS 2.0 (Version with Fastace fork)
volar-sport-full-brake-kit,e-ride-pro-ss-2,adapter,Order Surron vs Talaria fitment. E-Ride SS 2.0 older RST fork has own adapter; Fastace uses Surron. 14-21in wheels.,https://revrides.com/products/volar-sport-full-brake-kit-front-rear-for-e-ride-pro-sur-ron-talaria-more,high,REVRides bike fitment list names these platforms and Surron vs Talaria mount brackets
warp9-17x250-lbx-eride-79bike,e-ride-pro-ss-2,direct,Supermoto 17x2.50 both ends,https://warp9racing.com/products/surron-light-bee-eride-pro-s-ss-2-0-ventus-79-bike-falcon-19-16-wheel-set-copy-1,high,Official: same platform list as 19/16 LBX/Eride set
warp9-18-21-surron-eride,e-ride-pro-ss-2,direct,21in fork clearance still required; NOT Talaria,https://chargedcycleworks.com/products/18-21-complete-wheel-tire-combo-warp9-for-surron-segway,high,"Charged: E-Ride Pro SS 1.0/2.0, Falcon 79. NOT COMPATIBLE WITH TALARIA"
warp9-19-16-lbx-eride-79bike,e-ride-pro-ss-2,direct,Bare wheel reuses OEM rotor/sprocket bolt pattern,https://warp9racing.com/products/lbx-eride-pro-19-16-wheel-set,high,"Official: spec'd for SurRon Light Bee X, E Ride Pro S / SS / 2.0, Ventus, 79Bike Falcon"
warp9-220mm-caliper-adapter,e-ride-pro-ss-2,platform,Dealer fitment list; official page does not enumerate these,https://revrides.com/products/warp-9-220mm-rear-brake-rotor-adapter,medium,REVRides fitment list for Warp 9 220mm rear adapter
warp9-fastace-drop-crown,e-ride-pro-ss-2,adapter,Only with FastAce AHX12RV/AHX12RVP/ALX13RC. Needs direct bar mount + 220/240 rotor. Not OEM Talaria forks.,https://warp9racing.com/products/fastace-triple-clamps,high,"Official: Talaria Sting MX3/MX4, Sur-Ron Light Bee, and Eride Pro; FastAce AHX12RV & ALX13RC"
warp9-rear-420-sprocket-54t,e-ride-pro-ss-2,direct,54T needs ~110-link chain; stock chain only to 48T,https://gritshift.com/products/warp-9-e-bike-rear-sprocket,high,"GritShift fitment: Sur Ron LBX/S, Segway X160/X260, Talaria MX3/MX4, XXX, E Ride Pro-S/SS/2.0, 79Bike Falcon Pro/GT, Rawr Mantis X/Pro"
warp9-rear-420-sprocket-58t,e-ride-pro-ss-2,direct,58T typically ~112-link on LBX/Sting,https://gritshift.com/products/warp-9-e-bike-rear-sprocket,high,"GritShift fitment: Sur Ron LBX/S, Segway X160/X260, Talaria MX3/MX4, XXX, E Ride Pro-S/SS/2.0, 79Bike Falcon Pro/GT, Rawr Mantis X/Pro"
warp9-rear-420-sprocket-64t,e-ride-pro-ss-2,direct,64T typically ~116-link on LBX/Sting,https://gritshift.com/products/warp-9-e-bike-rear-sprocket,high,"GritShift fitment: Sur Ron LBX/S, Segway X160/X260, Talaria MX3/MX4, XXX, E Ride Pro-S/SS/2.0, 79Bike Falcon Pro/GT, Rawr Mantis X/Pro"
warp9-steerlock-stem-lock,e-ride-pro-ss-2,platform,"Dealer list, not official Warp9 tags",https://tbelectricmoto.com/products/warp-9-stem-lock,medium,"TB Electric bike fitment includes MX5, E-Ride Pro SS 1/2/3, SR"
ebmx-extended-swingarm,e-ride-pro-ss-3,direct,Charged CCW Edition variant ($889) only — not the $789 LBX/SS2.0 arm,https://chargedcycleworks.com/products/ebmx-extended-swingarm,medium,Charged variant: CCW Edition E Ride Pro 3.0 / SR
ebmx-x-9000-controller-e-ride-pro-harness-plus-mounting-kit-plus-bashguard-v3,e-ride-pro-ss-3,incompatible,,https://chargedcycleworks.com/products/x-9000-controller-eride-pro-harness-mounting-kit-and-bashguard-v3,high,vendor text: does not fit this model
ebmx-x-9000-e-ride-pro-v3-power-loom,e-ride-pro-ss-3,direct,,https://chargedcycleworks.com/products/x-9000-eride-pro-v3-power-loom,high,for updated ProSS 3.0 battery syste
ext-ferro-brake-adapter-e-ride-pro-3-0-sr,e-ride-pro-ss-3,direct,,https://chargedcycleworks.com/products/ext-ferro-brake-adapter-for-e-ride-pro-3-0-sr,high,title says EXT Ferro Brake Adapter (E-Ride Pro 3.0 / SR)
formula-e-moto-brakes,e-ride-pro-ss-3,incompatible,Factory DOT brake bikes,https://chargedcycleworks.com/products/formula-e-moto-brakes,high,"Charged: Does NOT fit E Ride Pro 3.0/SR, Talaria MX5, Altis Sigma"
warp9-steerlock-stem-lock,e-ride-pro-ss-3,platform,"Dealer list, not official Warp9 tags",https://tbelectricmoto.com/products/warp-9-stem-lock,medium,"TB Electric bike fitment includes MX5, E-Ride Pro SS 1/2/3, SR"
dunlop-mx33-70-100-19,rawrr-mantis-1,platform,Verify crown/swingarm clearance,https://revrides.com/products/dunlop-geo-max-mx33-for-surron-e-ride-pro-talaria-and-more,medium,REVRides MX33 page fitment list; 70/100-19 called out as e-moto size
dunlop-mx33-90-100-16,rawrr-mantis-1,platform,16in rear conversion size,https://revrides.com/products/dunlop-geo-max-mx33-for-surron-e-ride-pro-talaria-and-more,medium,REVRides MX33 page lists 90/100-16 among e-moto sizes
shinko-241-275-19,rawrr-mantis-1,platform,19in front/rear size; confirm rim width. Sold each.,https://revrides.com/products/shinko-241-for-surron-e-ride-pro-talaria-and-more,medium,REVRides fitment list includes these e-moto models; size 2.75-19 PN 87-4446
shinko-241-300-16,rawrr-mantis-1,platform,16in rear — typically a 19/16 conversion not stock 19/19 Ultra Bee,https://revrides.com/products/shinko-241-for-surron-e-ride-pro-talaria-and-more,medium,REVRides same platform list; size 3.00-16 PN 87-4441
volar-sport-full-brake-kit,rawrr-mantis-1,adapter,Order Surron vs Talaria fitment. E-Ride SS 2.0 older RST fork has own adapter; Fastace uses Surron. 14-21in wheels.,https://revrides.com/products/volar-sport-full-brake-kit-front-rear-for-e-ride-pro-sur-ron-talaria-more,high,REVRides bike fitment list names these platforms and Surron vs Talaria mount brackets
warp9-220mm-caliper-adapter,rawrr-mantis-1,platform,Dealer fitment list; official page does not enumerate these,https://revrides.com/products/warp-9-220mm-rear-brake-rotor-adapter,medium,REVRides fitment list for Warp 9 220mm rear adapter
warp9-rear-420-sprocket-54t,rawrr-mantis-1,direct,54T needs ~110-link chain; stock chain only to 48T,https://gritshift.com/products/warp-9-e-bike-rear-sprocket,high,"GritShift fitment: Sur Ron LBX/S, Segway X160/X260, Talaria MX3/MX4, XXX, E Ride Pro-S/SS/2.0, 79Bike Falcon Pro/GT, Rawr Mantis X/Pro"
warp9-rear-420-sprocket-58t,rawrr-mantis-1,direct,58T typically ~112-link on LBX/Sting,https://gritshift.com/products/warp-9-e-bike-rear-sprocket,high,"GritShift fitment: Sur Ron LBX/S, Segway X160/X260, Talaria MX3/MX4, XXX, E Ride Pro-S/SS/2.0, 79Bike Falcon Pro/GT, Rawr Mantis X/Pro"
warp9-rear-420-sprocket-64t,rawrr-mantis-1,direct,64T typically ~116-link on LBX/Sting,https://gritshift.com/products/warp-9-e-bike-rear-sprocket,high,"GritShift fitment: Sur Ron LBX/S, Segway X160/X260, Talaria MX3/MX4, XXX, E Ride Pro-S/SS/2.0, 79Bike Falcon Pro/GT, Rawr Mantis X/Pro"
dunlop-mx33-70-100-19,segway-x160,platform,Verify crown/swingarm clearance,https://revrides.com/products/dunlop-geo-max-mx33-for-surron-e-ride-pro-talaria-and-more,medium,REVRides MX33 page fitment list; 70/100-19 called out as e-moto size
dunlop-mx33-90-100-16,segway-x160,platform,16in rear conversion size,https://revrides.com/products/dunlop-geo-max-mx33-for-surron-e-ride-pro-talaria-and-more,medium,REVRides MX33 page lists 90/100-16 among e-moto sizes
ebmx-extended-swingarm,segway-x160,platform,Official EBMX copy names Segway X160/X260 with Light Bee,https://www.ebmx.com/shop/ebmx-swingarm-4694,high,EBMX: designed specifically for SurRon Light Bee / Segway X160/X260 and E Ride Pro 2.0
ewatt-74-v-45-ah-light-bee,segway-x160,direct,,,high,Compatible Models: Segway X160/X260
fastace-four-piston-kit,segway-x160,platform,Power-off sensor only on Talaria MX3/MX4; others without cut-off,https://eoffroadparts.com/products/hydraulic-disc-brakes-kit-for-talaria-mx3-r-mx4-xxx-segway-x160-x260-sur-ron-light-bee-x-79-bikes-e-ride-pro-ss,medium,"Listing: Talaria MX3/MX4/XXX, Light Bee X, X160/X260, 79Bike Falcon M, E Ride Pro-SS"
gritshift-heavy-hitter-lightning-stop,segway-x160,adapter,Bracket+rotor only; needs Brembo P32/P34 + Magura/Brembo master. Talaria spacer included.,https://revrides.com/products/heavy-hitter-lightning-stop-mx-conversion-big-brake-kit,medium,"REVRides fitment: Sur Ron LBX, Segway X260/X160, Talaria MX3/MX4/XXX, Eride Pro/SS, 79bike Falcon-M"
ko-swingarm-surron-plus50,segway-x160,platform,"Named by ECR/Darwin, not the short official KO page",https://parts.electriccyclerider.com/products/ko-moto-swing-arm-upgrade,medium,"ECR fitment: Sur Ron LBX, Segway X260, Segway X160"
luna-talaria-cnc-sprocket-54t,segway-x160,direct,MX3/MX4 chain chart; XXX subtract 4 links. 54T = 110 links on MX3/MX4.,https://lunacycle.com/talaria-cnc-sprocket-42-64-tooth/,high,"Luna: Fits Talaria (all models), Sur-Ron light bee x and Segway 260/160"
shinko-241-275-19,segway-x160,platform,19in front/rear size; confirm rim width. Sold each.,https://revrides.com/products/shinko-241-for-surron-e-ride-pro-talaria-and-more,medium,REVRides fitment list includes these e-moto models; size 2.75-19 PN 87-4446
shinko-241-300-16,segway-x160,platform,16in rear — typically a 19/16 conversion not stock 19/19 Ultra Bee,https://revrides.com/products/shinko-241-for-surron-e-ride-pro-talaria-and-more,medium,REVRides same platform list; size 3.00-16 PN 87-4441
volar-sport-full-brake-kit,segway-x160,adapter,Order Surron vs Talaria fitment. E-Ride SS 2.0 older RST fork has own adapter; Fastace uses Surron. 14-21in wheels.,https://revrides.com/products/volar-sport-full-brake-kit-front-rear-for-e-ride-pro-sur-ron-talaria-more,high,REVRides bike fitment list names these platforms and Surron vs Talaria mount brackets
warp9-220mm-caliper-adapter,segway-x160,platform,Dealer fitment list; official page does not enumerate these,https://revrides.com/products/warp-9-220mm-rear-brake-rotor-adapter,medium,REVRides fitment list for Warp 9 220mm rear adapter
warp9-rear-420-sprocket-54t,segway-x160,direct,54T needs ~110-link chain; stock chain only to 48T,https://gritshift.com/products/warp-9-e-bike-rear-sprocket,high,"GritShift fitment: Sur Ron LBX/S, Segway X160/X260, Talaria MX3/MX4, XXX, E Ride Pro-S/SS/2.0, 79Bike Falcon Pro/GT, Rawr Mantis X/Pro"
warp9-rear-420-sprocket-58t,segway-x160,direct,58T typically ~112-link on LBX/Sting,https://gritshift.com/products/warp-9-e-bike-rear-sprocket,high,"GritShift fitment: Sur Ron LBX/S, Segway X160/X260, Talaria MX3/MX4, XXX, E Ride Pro-S/SS/2.0, 79Bike Falcon Pro/GT, Rawr Mantis X/Pro"
warp9-rear-420-sprocket-64t,segway-x160,direct,64T typically ~116-link on LBX/Sting,https://gritshift.com/products/warp-9-e-bike-rear-sprocket,high,"GritShift fitment: Sur Ron LBX/S, Segway X160/X260, Talaria MX3/MX4, XXX, E Ride Pro-S/SS/2.0, 79Bike Falcon Pro/GT, Rawr Mantis X/Pro"
domino-potentiometer-throttle-plug-and-play-diy,segway-x260,platform,,https://chargedcycleworks.com/products/domino-potentiometer-throttle-with-oem-surron-segway-connector,medium,shared Light Bee / X260 platform
dunlop-mx33-70-100-19,segway-x260,platform,Verify crown/swingarm clearance,https://revrides.com/products/dunlop-geo-max-mx33-for-surron-e-ride-pro-talaria-and-more,medium,REVRides MX33 page fitment list; 70/100-19 called out as e-moto size
dunlop-mx33-90-100-16,segway-x260,platform,16in rear conversion size,https://revrides.com/products/dunlop-geo-max-mx33-for-surron-e-ride-pro-talaria-and-more,medium,REVRides MX33 page lists 90/100-16 among e-moto sizes
ebmx-extended-swingarm,segway-x260,platform,Official EBMX copy names Segway X160/X260 with Light Bee,https://www.ebmx.com/shop/ebmx-swingarm-4694,high,EBMX: designed specifically for SurRon Light Bee / Segway X160/X260 and E Ride Pro 2.0
ebmx-x-9000-controller-race-harness-for-light-bee,segway-x260,platform,,https://chargedcycleworks.com/products/x-9000-controller-race-harness-for-light-bee,medium,shared Light Bee / X260 platform
ebmx-x-9000-controller-sw102-display-v2,segway-x260,platform,,https://chargedcycleworks.com/products/x-9000-controller-race-harness-for-light-bee,medium,shared Light Bee / X260 platform
ebmx-x-9000-v3,segway-x260,platform,,https://chargedcycleworks.com/products/ebmx-x-9000-controller-air-cooled-heat-sink-1,medium,shared Light Bee / X260 platform
ebmx-xlb-60-mount-bashguard-and-harness-light-bee,segway-x260,platform,,https://chargedcycleworks.com/products/ebmx-xlb-60-mount-bashguard-and-harness-set-for-light-bee,medium,shared Light Bee / X260 platform
etm-rtr-oem-throttle-with-grips,segway-x260,direct,,https://chargedcycleworks.com/products/etm-rtr-oem-throttle,high,Compatible Models: Segway X260
ewatt-60-v-53-ah-light-bee,segway-x260,platform,,,medium,shared Light Bee / X260 platform
ewatt-60-v-65-ah-light-bee,segway-x260,platform,,,medium,shared Light Bee / X260 platform
ewatt-72-v-42-ah-sur-ron-lbx,segway-x260,direct,,,high,Compatible Models: Segway X260
ewatt-72-v-63-ah-light-bee,segway-x260,direct,,,high,Compatible Models: Segway X260
ewatt-74-v-45-ah-light-bee,segway-x260,direct,,,high,Compatible Models: Segway X160/X260
ext-ferro-fork-for-light-bee-and-talaria-sting,segway-x260,platform,,https://chargedcycleworks.com/products/ext-ferro-fork-for-surron-light-bee-and-talaria-sting-copy,medium,shared Light Bee / X260 platform
fastace-four-piston-kit,segway-x260,platform,Power-off sensor only on Talaria MX3/MX4; others without cut-off,https://eoffroadparts.com/products/hydraulic-disc-brakes-kit-for-talaria-mx3-r-mx4-xxx-segway-x160-x260-sur-ron-light-bee-x-79-bikes-e-ride-pro-ss,medium,"Listing: Talaria MX3/MX4/XXX, Light Bee X, X160/X260, 79Bike Falcon M, E Ride Pro-SS"
gritshift-heavy-hitter-lightning-stop,segway-x260,adapter,Bracket+rotor only; needs Brembo P32/P34 + Magura/Brembo master. Talaria spacer included.,https://revrides.com/products/heavy-hitter-lightning-stop-mx-conversion-big-brake-kit,medium,"REVRides fitment: Sur Ron LBX, Segway X260/X160, Talaria MX3/MX4/XXX, Eride Pro/SS, 79bike Falcon-M"
kke-35-mm-upgraded-5-5-version-front-fork,segway-x260,platform,,https://chargedcycleworks.com/products/kke-35mm-upgraded-5-5-version-front-suspension-fork-fit-surron-light-bee-e-ride-pro-ss-talaria-sting-mx3-mx4-r-collective,medium,shared Light Bee / X260 platform
kke-37-mm-aluminum-front-fork-suspension-kit,segway-x260,platform,,https://chargedcycleworks.com/products/kke-37mm-aluminum-front-fork-suspension-kit-fit-surron-light-bee-e-ride-pro-ss-talaria-sting-mx3-mx4-r-collective,medium,shared Light Bee / X260 platform
kke-modified-rear-suspension-shock,segway-x260,platform,,https://chargedcycleworks.com/products/kke-brand-new-modified-rear-suspension-shock-for-surron-light-bee-x-2019-2024-collective,medium,shared Light Bee / X260 platform
kke-upgraded-kke-suspension-forks-light-bee-version-gold,segway-x260,platform,,https://chargedcycleworks.com/products/upgraded-kke-suspension-forks-for-surron-light-bee,medium,shared Light Bee / X260 platform
ko-big-block-lbx-x260,segway-x260,direct,Only shop title evidence; product page 404,https://www.ko-moto.com/shop,medium,Shop title: Big Block Motor for the Surron LBX and Segway 260
ko-swingarm-surron-plus50,segway-x260,platform,"Named by ECR/Darwin, not the short official KO page",https://parts.electriccyclerider.com/products/ko-moto-swing-arm-upgrade,medium,"ECR fitment: Sur Ron LBX, Segway X260, Segway X160"
luna-talaria-cnc-sprocket-54t,segway-x260,direct,MX3/MX4 chain chart; XXX subtract 4 links. 54T = 110 links on MX3/MX4.,https://lunacycle.com/talaria-cnc-sprocket-42-64-tooth/,high,"Luna: Fits Talaria (all models), Sur-Ron light bee x and Segway 260/160"
nab-72v-42ah-street-pack-battery-for-surron-light-bee,segway-x260,platform,,,medium,shared Light Bee / X260 platform
nab-72v-57ah-expedition-battery-for-surron-light-bee,segway-x260,platform,,,medium,shared Light Bee / X260 platform
shinko-241-275-19,segway-x260,platform,19in front/rear size; confirm rim width. Sold each.,https://revrides.com/products/shinko-241-for-surron-e-ride-pro-talaria-and-more,medium,REVRides fitment list includes these e-moto models; size 2.75-19 PN 87-4446
shinko-241-300-16,segway-x260,platform,16in rear — typically a 19/16 conversion not stock 19/19 Ultra Bee,https://revrides.com/products/shinko-241-for-surron-e-ride-pro-talaria-and-more,medium,REVRides same platform list; size 3.00-16 PN 87-4441
torp-full-color-display,segway-x260,direct,,https://chargedcycleworks.com/products/torp-full-color-display,high,Compatible Models: Segway X260
torp-replacement-plastic-shield-for-surron-light-bee,segway-x260,platform,,https://chargedcycleworks.com/products/torp-replacement-plastic-shield-for-surron-light-bee,medium,shared Light Bee / X260 platform
torp-surron-light-bee-replacement-wiring-loom,segway-x260,direct,,https://chargedcycleworks.com/products/replacement-wiring-loom-for-surron-light-bee,high,"e S,X,Ultra Bee,Segway X260,TM25 - support"
torp-tc1000,segway-x260,direct,,https://chargedcycleworks.com/products/torp-tc1000-controller,high,Compatible Models: Segway X260
torp-tc1000-controller-for-surron-light-bee-and-segway-x260,segway-x260,direct,,https://chargedcycleworks.com/products/torp-tc1000-controller-for-surron-light-bee-and-segway-x260-1,high,Compatible Models: Segway X260
torp-tc500,segway-x260,direct,,https://chargedcycleworks.com/products/torp-tc500-controller,high,urron Light Bee/Segway X-260; Talaria Stin
torp-tc500-controller-for-talaria-sting-mx4,segway-x260,platform,,https://chargedcycleworks.com/products/torp-tc500-controller-for-talaria-sting-mx4,medium,shared Light Bee / X260 platform
torp-thumb-throttle-for-regenerative-braking,segway-x260,direct,,https://chargedcycleworks.com/products/x-9000-controller-thumb-throttle,high,Compatible Models: Segway X260
torp-tm25,segway-x260,platform,Torp treats Light Bee / X260 as one motor platform on controllers; TM25 is LB motor replacement,https://www.torpmotors.com/help-center/,medium,Torp help: TC500 motors include SurRon Light Bee / Segway X260 and TM25
volar-sport-full-brake-kit,segway-x260,adapter,Order Surron vs Talaria fitment. E-Ride SS 2.0 older RST fork has own adapter; Fastace uses Surron. 14-21in wheels.,https://revrides.com/products/volar-sport-full-brake-kit-front-rear-for-e-ride-pro-sur-ron-talaria-more,high,REVRides bike fitment list names these platforms and Surron vs Talaria mount brackets
vtb-evo-gt-72v-50ah-for-surron-light-bee,segway-x260,platform,,,medium,shared Light Bee / X260 platform
vtb-evo-plus-72v-50ah-for-surron-light-bee,segway-x260,platform,,,medium,shared Light Bee / X260 platform
warp9-220mm-caliper-adapter,segway-x260,platform,Dealer fitment list; official page does not enumerate these,https://revrides.com/products/warp-9-220mm-rear-brake-rotor-adapter,medium,REVRides fitment list for Warp 9 220mm rear adapter
warp9-fastace-drop-crown,segway-x260,platform,Same FastAce fork + LBX steerer assumption; not named on Warp9 page,https://revrides.com/products/eride-pro-surron-talaria-drop-crown-triple-clamp-by-warp-9,medium,REVRides fitment includes Segway X260/X160 for this Warp 9 clamp
warp9-rear-420-sprocket-54t,segway-x260,direct,54T needs ~110-link chain; stock chain only to 48T,https://gritshift.com/products/warp-9-e-bike-rear-sprocket,high,"GritShift fitment: Sur Ron LBX/S, Segway X160/X260, Talaria MX3/MX4, XXX, E Ride Pro-S/SS/2.0, 79Bike Falcon Pro/GT, Rawr Mantis X/Pro"
warp9-rear-420-sprocket-58t,segway-x260,direct,58T typically ~112-link on LBX/Sting,https://gritshift.com/products/warp-9-e-bike-rear-sprocket,high,"GritShift fitment: Sur Ron LBX/S, Segway X160/X260, Talaria MX3/MX4, XXX, E Ride Pro-S/SS/2.0, 79Bike Falcon Pro/GT, Rawr Mantis X/Pro"
warp9-rear-420-sprocket-64t,segway-x260,direct,64T typically ~116-link on LBX/Sting,https://gritshift.com/products/warp-9-e-bike-rear-sprocket,high,"GritShift fitment: Sur Ron LBX/S, Segway X160/X260, Talaria MX3/MX4, XXX, E Ride Pro-S/SS/2.0, 79Bike Falcon Pro/GT, Rawr Mantis X/Pro"
warp9-steerlock-stem-lock,segway-x260,direct,Falcon S needs Warp 9 bar clamps. Two versions: fender-mount vs no-fender.,https://www.warp9racing.com/product/surron-talaria-stem-lock/,high,"Official tags: Light Bee, Segway, Sting MX3, Sting R-MX4, XXX, Falcon M/S"
domino-potentiometer-throttle-plug-and-play-diy,surron-light-bee-x,direct,,https://chargedcycleworks.com/products/domino-potentiometer-throttle-with-oem-surron-segway-connector,high,tailored for Surron Light Bee and Segway/Talaria conn
dunlop-mx33-70-100-19,surron-light-bee-x,platform,Verify crown/swingarm clearance,https://revrides.com/products/dunlop-geo-max-mx33-for-surron-e-ride-pro-talaria-and-more,medium,REVRides MX33 page fitment list; 70/100-19 called out as e-moto size
dunlop-mx33-90-100-16,surron-light-bee-x,platform,16in rear conversion size,https://revrides.com/products/dunlop-geo-max-mx33-for-surron-e-ride-pro-talaria-and-more,medium,REVRides MX33 page lists 90/100-16 among e-moto sizes
ebmx-extended-swingarm,surron-light-bee-x,direct,New longer chain required; not Sirris R38; pair with stronger shock,https://chargedcycleworks.com/products/ebmx-extended-swingarm,high,Charged compatibility: Surron Light Bee
ebmx-x-9000-controller-race-harness-for-light-bee,surron-light-bee-x,direct,,https://chargedcycleworks.com/products/x-9000-controller-race-harness-for-light-bee,high,title says er Race Harness for Light Bee
ebmx-x-9000-controller-sw102-display-v2,surron-light-bee-x,direct,,https://chargedcycleworks.com/products/x-9000-controller-race-harness-for-light-bee,medium,URL/slug: title / vendor text names this bike
ebmx-x-9000-v3,surron-light-bee-x,direct,,https://chargedcycleworks.com/products/ebmx-x-9000-controller-air-cooled-heat-sink-1,high,"patible with SurRon Light Bee,Ultra Bee; Talaria Stin"
ebmx-xlb-60-core,surron-light-bee-x,direct,X-9000 V2/V3 only; upgraded battery,https://www.ebmx.com/xlb-60-core,high,Official: XLB-60 CORE available for SurRon Light Bee
ebmx-xlb-60-mount-bashguard-and-harness-light-bee,surron-light-bee-x,direct,,https://chargedcycleworks.com/products/ebmx-xlb-60-mount-bashguard-and-harness-set-for-light-bee,high,"Surron Light Bee S/X,Ultra Bee; Talaria"
ebmx-xlb-60-race,surron-light-bee-x,direct,Upgraded battery required; X-9000 ecosystem,https://www.ebmx.com/xlb-60-race,high,Official: XLB-60 RACE is available for SurRon Light Bee
ewatt-60-v-53-ah-light-bee,surron-light-bee-x,direct,,,high,title says Battery for Surron Light Bee
ewatt-60-v-65-ah-light-bee,surron-light-bee-x,direct,,,high,title says eWatt 60 V 65 Ah (Light Bee)
ewatt-72-v-42-ah-sur-ron-lbx,surron-light-bee-x,direct,,,high,title says 72 V 42 Ah (Sur-Ron LBX)
ewatt-72-v-63-ah-light-bee,surron-light-bee-x,direct,,,high,title says eWatt 72 V 63 Ah (Light Bee)
ewatt-74-v-45-ah-light-bee,surron-light-bee-x,direct,,,high,title says eWatt 74 V 45 Ah (Light Bee)
ext-ferro-fork-for-light-bee-and-talaria-sting,surron-light-bee-x,direct,,https://chargedcycleworks.com/products/ext-ferro-fork-for-surron-light-bee-and-talaria-sting-copy,high,title says EXT Ferro Fork (for Light Bee & Talaria Sting)
fastace-four-piston-kit,surron-light-bee-x,platform,Power-off sensor only on Talaria MX3/MX4; others without cut-off,https://eoffroadparts.com/products/hydraulic-disc-brakes-kit-for-talaria-mx3-r-mx4-xxx-segway-x160-x260-sur-ron-light-bee-x-79-bikes-e-ride-pro-ss,medium,"Listing: Talaria MX3/MX4/XXX, Light Bee X, X160/X260, 79Bike Falcon M, E Ride Pro-SS"
formula-e-moto-brakes,surron-light-bee-x,direct,Mineral-oil 203/220mm bikes only; no e-brake sensor,https://chargedcycleworks.com/products/formula-e-moto-brakes,high,"Charged: Fits mineral oil bikes (Surron Light Bee, Talaria MX3/MX4, E Ride Pro S and SS 2.0)"
gritshift-heavy-hitter-lightning-stop,surron-light-bee-x,adapter,Bracket+rotor only; needs Brembo P32/P34 + Magura/Brembo master. Talaria spacer included.,https://revrides.com/products/heavy-hitter-lightning-stop-mx-conversion-big-brake-kit,medium,"REVRides fitment: Sur Ron LBX, Segway X260/X160, Talaria MX3/MX4/XXX, Eride Pro/SS, 79bike Falcon-M"
ion-18-21-surron-lbx,surron-light-bee-x,direct,Dished for moto tires on Light Bee,https://chargedcycleworks.com/products/ion-surron-light-bee-18-21-wheelset,high,Charged fitment: Surron Light Bee
kke-19-16-excel-surron-eride,surron-light-bee-x,direct,Stock disc and sprocket,https://chargedcycleworks.com/products/kke-19-16-e-moto-wheels-excel-takasago-rims-fit-surron-light-bee-x-e-ride-pro-ss-collective,high,"Charged fitment: Surron Light Bee S/X, E Ride Pro S, E Ride Pro SS 2.0, Ventus One"
kke-35-mm-upgraded-5-5-version-front-fork,surron-light-bee-x,direct,,https://chargedcycleworks.com/products/kke-35mm-upgraded-5-5-version-front-suspension-fork-fit-surron-light-bee-e-ride-pro-ss-talaria-sting-mx3-mx4-r-collective,medium,URL/slug: title / vendor text names this bike
kke-37-mm-aluminum-front-fork-suspension-kit,surron-light-bee-x,direct,,https://chargedcycleworks.com/products/kke-37mm-aluminum-front-fork-suspension-kit-fit-surron-light-bee-e-ride-pro-ss-talaria-sting-mx3-mx4-r-collective,medium,URL/slug: title / vendor text names this bike
kke-modified-rear-suspension-shock,surron-light-bee-x,direct,,https://chargedcycleworks.com/products/kke-brand-new-modified-rear-suspension-shock-for-surron-light-bee-x-2019-2024-collective,medium,product details: Designed for Light Bee X 2019-2024 - Enhanced
kke-upgraded-kke-suspension-forks-light-bee-version-gold,surron-light-bee-x,direct,,https://chargedcycleworks.com/products/upgraded-kke-suspension-forks-for-surron-light-bee,high,title says E Suspension Forks (Light Bee version) - Gold
ko-big-block-lbx-x260,surron-light-bee-x,direct,Only shop title evidence; product page 404,https://www.ko-moto.com/shop,medium,Shop title: Big Block Motor for the Surron LBX and Segway 260
ko-factory-spec-surron,surron-light-bee-x,direct,Stock Sur-Ron mounts; KO controller intended,https://www.ko-moto.com/ko-sur-ron-upgrade-motor,high,Official: will fit to your Sur-Ron using the stock mounting positions
ko-rs-surron,surron-light-bee-x,direct,Stock Sur-Ron mounts,https://www.ko-moto.com/ko-sur-ron-upgrade-motor,high,Official RS motor: stock Sur-Ron mounting positions
ko-swingarm-surron-plus50,surron-light-bee-x,direct,+50mm; longer chain; self-assembly,https://www.ko-moto.com/product-page/ko-swing-arm-upgrade-for-sur-ron,high,Official: KO Swing Arm Upgrade for Sur-Ron; 50mm additional extension vs stock
luna-talaria-cnc-sprocket-54t,surron-light-bee-x,direct,MX3/MX4 chain chart; XXX subtract 4 links. 54T = 110 links on MX3/MX4.,https://lunacycle.com/talaria-cnc-sprocket-42-64-tooth/,high,"Luna: Fits Talaria (all models), Sur-Ron light bee x and Segway 260/160"
magura-mt5,surron-light-bee-x,platform,One-side kit; flip for F or R; typically loses brake-light sensor,https://surronoffroadusa.com/product/magura-mt5-brake-system-1-side-front-or-rear/,medium,"Vendor compatibility: Sur Ron, Talaria, Eride Pro and similar e-bikes"
nab-72v-42ah-street-pack-battery-for-surron-light-bee,surron-light-bee-x,direct,,,high,title says battery for Surron Light Bee
nab-72v-57ah-expedition-battery-for-surron-light-bee,surron-light-bee-x,direct,,,high,title says battery for Surron Light Bee
rfloxa-max-triple-clamp,surron-light-bee-x,adapter,FastAce AHX12RV/ALX13RC or RFLoXa FCG31/32. Talaria needs lower-bearing spacer.,https://www.rflo-xa.com/products/rfloxa-max-triple-clamp-for-fastace-ahx12rv-alx13rc-front-fork-for-surron-talaria,high,"Official: Talaria Sting MX3/MX4/MX5, Sur-Ron Light Bee, and Eride Pro"
shinko-241-275-19,surron-light-bee-x,platform,19in front/rear size; confirm rim width. Sold each.,https://revrides.com/products/shinko-241-for-surron-e-ride-pro-talaria-and-more,medium,REVRides fitment list includes these e-moto models; size 2.75-19 PN 87-4446
shinko-241-300-16,surron-light-bee-x,platform,16in rear — typically a 19/16 conversion not stock 19/19 Ultra Bee,https://revrides.com/products/shinko-241-for-surron-e-ride-pro-talaria-and-more,medium,REVRides same platform list; size 3.00-16 PN 87-4441
skrmod-surron-plus50,surron-light-bee-x,direct,Longer chain required; E-Ride/Talaria are other Skrmod SKUs,https://skrmod.com/products/sur-ron-swingarm-50mm-extended,high,Official compatible vehicle: Surron Light Bee X LBX
tb-moto-brake-caliper-bracket-front,surron-light-bee-x,adapter,Moto caliper + 240mm moto rotor. SS 2.0 only with Fastace fork.,https://tbelectricmoto.com/products/moto-brake-conversion-kit-front-caliper-mounting-bracket,high,TB Electric front bracket fitment list
torp-full-color-display,surron-light-bee-x,direct,,https://chargedcycleworks.com/products/torp-full-color-display,high,"rollers (for SurRon Light Bee,Ultra Bee,Talaria MX3/M"
torp-replacement-plastic-shield-for-surron-light-bee,surron-light-bee-x,direct,,https://chargedcycleworks.com/products/torp-replacement-plastic-shield-for-surron-light-bee,high,ontroller on SurRon Light Bee
torp-surron-light-bee-replacement-wiring-loom,surron-light-bee-x,direct,,https://chargedcycleworks.com/products/replacement-wiring-loom-for-surron-light-bee,high,"atible with Sur-Ron Light Bee S,X,Ultra Bee,Segway X2"
torp-tc1000,surron-light-bee-x,direct,,https://chargedcycleworks.com/products/torp-tc1000-controller,high,Surron Light Bee/X-260; SurRon Ultra Bee
torp-tc1000-controller-for-surron-light-bee-and-segway-x260,surron-light-bee-x,direct,,https://chargedcycleworks.com/products/torp-tc1000-controller-for-surron-light-bee-and-segway-x260-1,high,"Surron Light Bee*,Ultra Bee,Segway X260"
torp-tc500,surron-light-bee-x,direct,,https://chargedcycleworks.com/products/torp-tc500-controller,high,Surron Light Bee/Segway X-260; Talaria S
torp-tc500-controller-for-talaria-sting-mx4,surron-light-bee-x,direct,,https://chargedcycleworks.com/products/torp-tc500-controller-for-talaria-sting-mx4,high,ifically for Surron Light Bee and Talaria Sting MX4
torp-tm25,surron-light-bee-x,direct,TC500 HW1.3+ or TC1000; pulley install per TM25 PDF,https://www.torpmotors.com/torp-motor-tm25-2/,high,Official: fastest motor for the SurRon Light Bee / developed for SurRon LightBee
torp-tm40-pro,surron-light-bee-x,direct,TC1000 only; full drivetrain/brake/battery upgrade required,https://www.torpmotors.com/torp-motor-tm40-2/,high,Official: most powerful motor for SurRon Light Bee; designed for Light Bee
volar-sport-full-brake-kit,surron-light-bee-x,adapter,Order Surron vs Talaria fitment. E-Ride SS 2.0 older RST fork has own adapter; Fastace uses Surron. 14-21in wheels.,https://revrides.com/products/volar-sport-full-brake-kit-front-rear-for-e-ride-pro-sur-ron-talaria-more,high,REVRides bike fitment list names these platforms and Surron vs Talaria mount brackets
vtb-evo-gt-72v-50ah-for-surron-light-bee,surron-light-bee-x,direct,,,high,title says 2V 50Ah (for Surron Light Bee)
vtb-evo-plus-72v-50ah-for-surron-light-bee,surron-light-bee-x,direct,,,high,title says 2V 50Ah (for Surron Light Bee)
warp9-17x250-lbx-eride-79bike,surron-light-bee-x,direct,Supermoto 17x2.50 both ends,https://warp9racing.com/products/surron-light-bee-eride-pro-s-ss-2-0-ventus-79-bike-falcon-19-16-wheel-set-copy-1,high,Official: same platform list as 19/16 LBX/Eride set
warp9-18-21-surron-eride,surron-light-bee-x,adapter,Requires 220mm brake rotor adapters F/R; 21in fork clearance,https://chargedcycleworks.com/products/18-21-complete-wheel-tire-combo-warp9-for-surron-segway,high,Charged: Surron Light Bee (requires 220 brake rotor adapters); E-Ride Pro S (requires adapters)
warp9-18-21-talaria,surron-light-bee-x,incompatible,Charged: using an adapter to fit Warp9 Talaria wheels on Surron voids warranty,https://chargedcycleworks.com/products/18-21-complete-wheel-tire-combo-warp-9-for-talaria,high,Charged: NOT COMPATIBLE WITH SURRON OR E-RIDE
warp9-19-16-lbx-eride-79bike,surron-light-bee-x,direct,Bare wheel reuses OEM rotor/sprocket bolt pattern,https://warp9racing.com/products/lbx-eride-pro-19-16-wheel-set,high,"Official: spec'd for SurRon Light Bee X, E Ride Pro S / SS / 2.0, Ventus, 79Bike Falcon"
warp9-220mm-caliper-adapter,surron-light-bee-x,adapter,OEM 203 to 220mm; OEM/Hope/Hayes calipers,https://warp9racing.com/products/surron-talaria-220mm-caliper-adapter-spacer-kit-collective,high,Official title: Surron/Talaria 220mm Caliper Adapter Spacer Kit
warp9-fastace-drop-crown,surron-light-bee-x,adapter,Only with FastAce AHX12RV/AHX12RVP/ALX13RC. Needs direct bar mount + 220/240 rotor. Not OEM Talaria forks.,https://warp9racing.com/products/fastace-triple-clamps,high,"Official: Talaria Sting MX3/MX4, Sur-Ron Light Bee, and Eride Pro; FastAce AHX12RV & ALX13RC"
warp9-rear-420-sprocket-54t,surron-light-bee-x,direct,54T needs ~110-link chain; stock chain only to 48T,https://gritshift.com/products/warp-9-e-bike-rear-sprocket,high,"GritShift fitment: Sur Ron LBX/S, Segway X160/X260, Talaria MX3/MX4, XXX, E Ride Pro-S/SS/2.0, 79Bike Falcon Pro/GT, Rawr Mantis X/Pro"
warp9-rear-420-sprocket-58t,surron-light-bee-x,direct,58T typically ~112-link on LBX/Sting,https://gritshift.com/products/warp-9-e-bike-rear-sprocket,high,"GritShift fitment: Sur Ron LBX/S, Segway X160/X260, Talaria MX3/MX4, XXX, E Ride Pro-S/SS/2.0, 79Bike Falcon Pro/GT, Rawr Mantis X/Pro"
warp9-rear-420-sprocket-64t,surron-light-bee-x,direct,64T typically ~116-link on LBX/Sting,https://gritshift.com/products/warp-9-e-bike-rear-sprocket,high,"GritShift fitment: Sur Ron LBX/S, Segway X160/X260, Talaria MX3/MX4, XXX, E Ride Pro-S/SS/2.0, 79Bike Falcon Pro/GT, Rawr Mantis X/Pro"
warp9-steerlock-stem-lock,surron-light-bee-x,direct,Falcon S needs Warp 9 bar clamps. Two versions: fender-mount vs no-fender.,https://www.warp9racing.com/product/surron-talaria-stem-lock/,high,"Official tags: Light Bee, Segway, Sting MX3, Sting R-MX4, XXX, Falcon M/S"
charged-fork-seal-service-fix-leaking-seals,surron-ultra-bee,direct,,https://chargedcycleworks.com/products/fork-seal-service-fix-leaking-seals,high,Compatible Models: Sur-Ron Ultra Bee
charged-ultra-bee-72-v-76-ah,surron-ultra-bee,direct,,,high,title says Charged Ultra Bee 72 V 76 Ah
charged-ultra-bee-80-v-76-ah,surron-ultra-bee,direct,,,high,title says Charged Ultra Bee 80 V 76 Ah
charged-ultra-bee-80-v-76-ah-battery-plus-lid-plus-charger-bundle,surron-ultra-bee,direct,,,high,title says Ultra Bee 80 V 76 Ah Battery
dunlop-mx33-70-100-19,surron-ultra-bee,platform,Verify crown/swingarm clearance,https://revrides.com/products/dunlop-geo-max-mx33-for-surron-e-ride-pro-talaria-and-more,medium,REVRides MX33 page fitment list; 70/100-19 called out as e-moto size
dunlop-mx33-90-100-16,surron-ultra-bee,platform,16in rear conversion size,https://revrides.com/products/dunlop-geo-max-mx33-for-surron-e-ride-pro-talaria-and-more,medium,REVRides MX33 page lists 90/100-16 among e-moto sizes
dunlop-mx34-100-100-18,surron-ultra-bee,adapter,Needs 18in rear wheel. Alt size 110/100-18 also offered.,https://www.nacstarusa.com/products/dunlop-mx34-tire-package-surron-ultra-bee-18-21,high,Nacstar Ultra Bee 18/21 package: 100/100-18 rear
dunlop-mx34-80-100-21,surron-ultra-bee,adapter,Needs 21in front wheel (not stock 19). Charged/Nacstar 18/21 Ultra Bee package.,https://www.nacstarusa.com/products/dunlop-mx34-tire-package-surron-ultra-bee-18-21,high,Nacstar: Dunlop MX34 tire package Surron Ultra Bee 18/21 — 80/100-21 front
ebmx-x-9000-controller-race-harness-for-ultra-bee-v2,surron-ultra-bee,direct,,https://chargedcycleworks.com/products/x-9000-controller-race-harness-for-ultra-bee,high,Compatible Models: Sur-Ron Ultra Bee
ebmx-x-9000-v3,surron-ultra-bee,direct,,https://chargedcycleworks.com/products/ebmx-x-9000-controller-air-cooled-heat-sink-1,high,"urRon Light Bee,Ultra Bee; Talaria Sting MX3/"
ebmx-xlb-60-mount-bashguard-and-harness-light-bee,surron-ultra-bee,direct,,https://chargedcycleworks.com/products/ebmx-xlb-60-mount-bashguard-and-harness-set-for-light-bee,high,"n Light Bee S/X,Ultra Bee; Talaria X3/MX3/MX4"
ebmx-xub-80,surron-ultra-bee,direct,X-9000 recommended/required per dealers; not Light Bee motor,https://www.ebmx.com/xub-80,high,Official title: XUB-80 Motor for SurRon Ultra Bee
ext-rea-mx-rear-shock-for-surron-ultra-bee,surron-ultra-bee,direct,,https://chargedcycleworks.com/products/ext-rea-mx-rear-shock-for-surron-ultra-bee,high,Compatible Models: Sur-Ron Ultra Bee
kke-18-21-ultra-bee,surron-ultra-bee,direct,MX34 80/100-21 + 100/100-18 typical package,https://chargedcycleworks.com/products/18-21-wheel-and-tire-combo-for-ultra-bee,high,Charged title: 18/21 complete wheel and tire combo for Ultra Bee
kke-37-mm-closed-cartridge-performance-fork-ultra-bee-v6-0,surron-ultra-bee,direct,,https://chargedcycleworks.com/products/kke-37mm-closed-cartridge-performance-suspension-fork-for-surron-ultra-bee-version-6-0,high,Compatible Models: Sur-Ron Ultra Bee
kke-upgraded-front-fork-suspension-for-surron-ultra-bee,surron-ultra-bee,direct,,https://chargedcycleworks.com/products/kke-front-fork-suspension-fit-surron-ultra-bee-2023-2024-collective,high,Compatible Models: Sur-Ron Ultra Bee
shinko-241-275-19,surron-ultra-bee,platform,19in front/rear size; confirm rim width. Sold each.,https://revrides.com/products/shinko-241-for-surron-e-ride-pro-talaria-and-more,medium,REVRides fitment list includes these e-moto models; size 2.75-19 PN 87-4446
shinko-241-300-16,surron-ultra-bee,platform,16in rear — typically a 19/16 conversion not stock 19/19 Ultra Bee,https://revrides.com/products/shinko-241-for-surron-e-ride-pro-talaria-and-more,medium,REVRides same platform list; size 3.00-16 PN 87-4441
sirris-f43-fork-for-surron-ultra-bee,surron-ultra-bee,direct,,https://chargedcycleworks.com/products/sirris-f43-fork-for-surron-ultra-bee,high,Compatible Models: Sur-Ron Ultra Bee
sirris-r46-rear-shock-spring,surron-ultra-bee,direct,,https://chargedcycleworks.com/products/sirris-r46-rear-shock-spring,high,Compatible Models: Sur-Ron Ultra Bee
sirris-r46-shock-for-surron-ultra-bee,surron-ultra-bee,direct,,https://chargedcycleworks.com/products/sirris-r46-shock-for-surron-ultra-bee,high,Compatible Models: Sur-Ron Ultra Bee
surron-ultra-bee-oem-fork-seal-replacement-kit,surron-ultra-bee,direct,,https://chargedcycleworks.com/products/ultra-bee-oem-seal-replacement-kit,high,Compatible Models: Sur-Ron Ultra Bee
torp-full-color-display,surron-ultra-bee,direct,,https://chargedcycleworks.com/products/torp-full-color-display,high,"urRon Light Bee,Ultra Bee,Talaria MX3/MX4) (c"
torp-surron-light-bee-replacement-wiring-loom,surron-ultra-bee,direct,,https://chargedcycleworks.com/products/replacement-wiring-loom-for-surron-light-bee,high,"n Light Bee S,X,Ultra Bee,Segway X260,TM25"
torp-tc1000,surron-ultra-bee,direct,,https://chargedcycleworks.com/products/torp-tc1000-controller,high,e/X-260; SurRon Ultra Bee; Talaria MX3/MX4; s
torp-tc1000-controller-for-surron-light-bee-and-segway-x260,surron-ultra-bee,direct,,https://chargedcycleworks.com/products/torp-tc1000-controller-for-surron-light-bee-and-segway-x260-1,high,"rron Light Bee*,Ultra Bee,Segway X260,Talaria"
torp-tm50-pro,surron-ultra-bee,direct,"TC1000 only; stock UB battery OK, 80V 22S recommended",https://www.torpmotors.com/tm50pro-3/,high,Official: most powerful motor for SurRon Ultra Bee; developed for Ultra Bee
torp-tm50-speed,surron-ultra-bee,direct,TC1000 only; road/speed winding,https://www.torpmotors.com/tm50pro-3/,high,Official: TM50 Speed designed for Ultra Bee road riding
warp9-16-19-ultra-bee,surron-ultra-bee,direct,Reuse OEM rear TC ring; shortens vs stock 19/19,https://chargedcycleworks.com/products/16-rear-wheel-and-16-19-wheelset-for-surron-ultra-bee,high,Charged title: 16/19 wheelset for Surron Ultra Bee
warp9-17-supermoto-ultra-bee,surron-ultra-bee,direct,Complete SM set with Michelin 2CT and rotors,https://chargedcycleworks.com/products/17-supermoto-wheelset-for-surron-ultra-bee,high,Charged title: 17in supermoto wheelset for Surron Ultra Bee
warp9-18-21-ultra-bee,surron-ultra-bee,direct,Includes Warp9 18/21 traction-control rings,https://chargedcycleworks.com/products/ultra-bee-18-21-wheel-and-tire-combo-warp9,high,Charged: Ultra Bee wheels by Warp9; 18/21 with TC rings
warp9-ultra-bee-jackshaft-13t,surron-ultra-bee,direct,OEM jackshaft only; not EBMX competition jackshaft,https://warp9racing.com/products/ultra-bee-jack-shaft-sprocket,high,Official Ultra Bee Jack Shaft Sprocket; ECR: Surron Ultra Bee OEM jackshaft only
warp9-ultra-bee-jackshaft-14t,surron-ultra-bee,direct,OEM jackshaft only; more speed / less torque vs 13T,https://warp9racing.com/products/ultra-bee-jack-shaft-sprocket,high,Official 14 tooth option on Ultra Bee jackshaft page
warp9-ultra-bee-rotor-240-fixed,surron-ultra-bee,direct,OEM Ultra hub or Warp 9 hub; F or R,https://warp9racing.com/products/surron-ultra-bee-rotors,high,Official: Surron Ultra Bee Rotors; mounts to OEM Ultra Hub
warp9-ultra-bee-rotor-260-float,surron-ultra-bee,adapter,Front only; S-FB260 caliper bracket required,https://warp9racing.com/products/surron-ultra-bee-rotors,high,Official: 260mm floating front only; adapter S-FB260 REQUIRED
dunlop-mx33-70-100-19,talaria-sting-mx3,platform,Verify crown/swingarm clearance,https://revrides.com/products/dunlop-geo-max-mx33-for-surron-e-ride-pro-talaria-and-more,medium,REVRides MX33 page fitment list; 70/100-19 called out as e-moto size
dunlop-mx33-90-100-16,talaria-sting-mx3,platform,16in rear conversion size,https://revrides.com/products/dunlop-geo-max-mx33-for-surron-e-ride-pro-talaria-and-more,medium,REVRides MX33 page lists 90/100-16 among e-moto sizes
dunlop-mx34-80-100-21,talaria-sting-mx3,adapter,Only with 21in front and compatible wide-crown fork (Charged 18/21 Talaria page),https://chargedcycleworks.com/products/18-21-complete-wheel-tire-combo-warp-9-for-talaria,medium,Charged Talaria 18/21 combo mounts 70/100-21 front; MX34 is the 21in MX replacement Charged uses on Ultra Bee 18/21
ebmx-extended-swingarm,talaria-sting-mx3,unconfirmed,Vendors say Talaria version coming soon — do not treat as shipping SKU,https://chargedcycleworks.com/products/ebmx-extended-swingarm,low,Charged: Talaria coming soon; NOT COMPATIBLE with any other bike on current SKUs
ebmx-x-9000-v3,talaria-sting-mx3,direct,,https://chargedcycleworks.com/products/ebmx-x-9000-controller-air-cooled-heat-sink-1,high,Ultra Bee; Talaria Sting MX3/MX4; EBMX XLB-6
ebmx-xlb-60-mount-bashguard-and-harness-light-bee,talaria-sting-mx3,direct,,https://chargedcycleworks.com/products/ebmx-xlb-60-mount-bashguard-and-harness-set-for-light-bee,high,tra Bee; Talaria X3/MX3/MX4/MX5; Ventus One
ewatt-60-v-53-ah-battery-for-talaria-sting-ewatt,talaria-sting-mx3,direct,,,medium,title says Talaria Sting (MX version not specified)
ewatt-72-v-42-ah-talaria-sting,talaria-sting-mx3,direct,,,medium,title says Talaria Sting (MX version not specified)
ext-ferro-fork-for-light-bee-and-talaria-sting,talaria-sting-mx3,direct,,https://chargedcycleworks.com/products/ext-ferro-fork-for-surron-light-bee-and-talaria-sting-copy,medium,title says Talaria Sting (MX version not specified)
fastace-four-piston-kit,talaria-sting-mx3,platform,Power-off sensor only on Talaria MX3/MX4; others without cut-off,https://eoffroadparts.com/products/hydraulic-disc-brakes-kit-for-talaria-mx3-r-mx4-xxx-segway-x160-x260-sur-ron-light-bee-x-79-bikes-e-ride-pro-ss,medium,"Listing: Talaria MX3/MX4/XXX, Light Bee X, X160/X260, 79Bike Falcon M, E Ride Pro-SS"
formula-e-moto-brakes,talaria-sting-mx3,direct,Mineral-oil 203/220mm bikes only; no e-brake sensor,https://chargedcycleworks.com/products/formula-e-moto-brakes,high,"Charged: Fits mineral oil bikes (Surron Light Bee, Talaria MX3/MX4, E Ride Pro S and SS 2.0)"
gritshift-heavy-hitter-lightning-stop,talaria-sting-mx3,adapter,Bracket+rotor only; needs Brembo P32/P34 + Magura/Brembo master. Talaria spacer included.,https://revrides.com/products/heavy-hitter-lightning-stop-mx-conversion-big-brake-kit,medium,"REVRides fitment: Sur Ron LBX, Segway X260/X160, Talaria MX3/MX4/XXX, Eride Pro/SS, 79bike Falcon-M"
jxr-big-brake-talaria,talaria-sting-mx3,adapter,"Custom Sting brackets; tested FastAce 2.0/3.0, Fox 40, RFLoXa",https://www.mxbits.com/products/jxr-big-brake-conversion-kit-for-talaria,medium,Title: Big Brake Conversion Kit for Talaria; brackets for Talaria Sting; standard Talaria suspension
kke-19-16-talaria,talaria-sting-mx3,direct,Stock disc and sprocket,https://gritshift.com/products/kke-racing-16-19-billet-upgraded-wheel-set,high,"GritShift: Talaria Sting MX3, MX4, XXX"
kke-35-mm-upgraded-5-5-version-front-fork,talaria-sting-mx3,direct,,https://chargedcycleworks.com/products/kke-35mm-upgraded-5-5-version-front-suspension-fork-fit-surron-light-bee-e-ride-pro-ss-talaria-sting-mx3-mx4-r-collective,medium,URL/slug: ride-pro-ss-talaria-sting-mx3-mx4-r-collectiv
kke-37-mm-aluminum-front-fork-suspension-kit,talaria-sting-mx3,direct,,https://chargedcycleworks.com/products/kke-37mm-aluminum-front-fork-suspension-kit-fit-surron-light-bee-e-ride-pro-ss-talaria-sting-mx3-mx4-r-collective,medium,URL/slug: ride-pro-ss-talaria-sting-mx3-mx4-r-collectiv
ko-factory-spec-talaria,talaria-sting-mx3,direct,Select Sting 2-hole bracket at order,https://www.ko-moto.com/product-page/ko-factory-spec-talaria-upgrade-motor-purple,high,Official: bike type option normal sting (2 hole bracket)
luna-talaria-cnc-sprocket-54t,talaria-sting-mx3,direct,MX3/MX4 chain chart; XXX subtract 4 links. 54T = 110 links on MX3/MX4.,https://lunacycle.com/talaria-cnc-sprocket-42-64-tooth/,high,"Luna: Fits Talaria (all models), Sur-Ron light bee x and Segway 260/160"
luna-talaria-sting-420-oring-chain-106,talaria-sting-mx3,platform,Product titled STING; body text names MX4 length,https://lunacycle.com/talaria-sting-replacement-420-o-ring-chain/,medium,Luna product title STING; explicit MX4 106L
magura-mt5,talaria-sting-mx3,platform,One-side kit; flip for F or R; typically loses brake-light sensor,https://surronoffroadusa.com/product/magura-mt5-brake-system-1-side-front-or-rear/,medium,"Vendor compatibility: Sur Ron, Talaria, Eride Pro and similar e-bikes"
nab-72v-57ah-mercury-battery-for-talaria-mx3-mx4,talaria-sting-mx3,direct,,,high,Compatible Models: Talaria Sting MX3
rfloxa-max-triple-clamp,talaria-sting-mx3,adapter,FastAce AHX12RV/ALX13RC or RFLoXa FCG31/32. Talaria needs lower-bearing spacer.,https://www.rflo-xa.com/products/rfloxa-max-triple-clamp-for-fastace-ahx12rv-alx13rc-front-fork-for-surron-talaria,high,"Official: Talaria Sting MX3/MX4/MX5, Sur-Ron Light Bee, and Eride Pro"
shinko-241-275-19,talaria-sting-mx3,platform,19in front/rear size; confirm rim width. Sold each.,https://revrides.com/products/shinko-241-for-surron-e-ride-pro-talaria-and-more,medium,REVRides fitment list includes these e-moto models; size 2.75-19 PN 87-4446
shinko-241-300-16,talaria-sting-mx3,platform,16in rear — typically a 19/16 conversion not stock 19/19 Ultra Bee,https://revrides.com/products/shinko-241-for-surron-e-ride-pro-talaria-and-more,medium,REVRides same platform list; size 3.00-16 PN 87-4441
skrmod-talaria-plus50,talaria-sting-mx3,direct,Street version; longer chain; may need caliper/axle tweaks if already modified,https://skrmod.com/products/talaria-sting-r-swingarm-50mm-extended,high,"Official: MX5 Pro, MX4, MX3"
tb-moto-brake-caliper-bracket-front,talaria-sting-mx3,adapter,Moto caliper + 240mm moto rotor. SS 2.0 only with Fastace fork.,https://tbelectricmoto.com/products/moto-brake-conversion-kit-front-caliper-mounting-bracket,high,TB Electric front bracket fitment list
torp-full-color-display,talaria-sting-mx3,direct,,https://chargedcycleworks.com/products/torp-full-color-display,high,"e,Ultra Bee,Talaria MX3/MX4) (chargedcyclew"
torp-replacement-plastic-shield-talaria-mx3-mx4,talaria-sting-mx3,direct,,https://chargedcycleworks.com/products/torp-replacement-plastic-shield-for-surron-talaria-mx3-mx4,high,Compatible Models: Talaria Sting MX3
torp-tc1000,talaria-sting-mx3,direct,,https://chargedcycleworks.com/products/torp-tc1000-controller,high,Ultra Bee; Talaria MX3/MX4; supports OEM &
torp-tc1000-controller-for-surron-light-bee-and-segway-x260,talaria-sting-mx3,direct,,https://chargedcycleworks.com/products/torp-tc1000-controller-for-surron-light-bee-and-segway-x260-1,high,"Segway X260,Talaria MX3/4; supports OEM and"
torp-tc1000-controller-for-talaria-mx3-mx4-r,talaria-sting-mx3,direct,,https://chargedcycleworks.com/products/torp-tc1000-controller-for-talaria-sting-mx3-mx4-r,high,Compatible Models: Talaria Sting MX3
torp-tc500,talaria-sting-mx3,direct,,https://chargedcycleworks.com/products/torp-tc500-controller,high,gway X-260; Talaria Sting MX3/MX4; maintains
volar-sport-full-brake-kit,talaria-sting-mx3,adapter,Order Surron vs Talaria fitment. E-Ride SS 2.0 older RST fork has own adapter; Fastace uses Surron. 14-21in wheels.,https://revrides.com/products/volar-sport-full-brake-kit-front-rear-for-e-ride-pro-sur-ron-talaria-more,high,REVRides bike fitment list names these platforms and Surron vs Talaria mount brackets
warp9-18-21-surron-eride,talaria-sting-mx3,incompatible,Separate Talaria 18/21 SKU; adapter voids warranty,https://chargedcycleworks.com/products/18-21-complete-wheel-tire-combo-warp9-for-surron-segway,high,Charged: NOT COMPATIBLE WITH TALARIA
warp9-18-21-talaria,talaria-sting-mx3,direct,21in front needs 27.5/29-class fork; most 26in forks incompatible. RST Killah needs skinny 21in tire.,https://chargedcycleworks.com/products/18-21-complete-wheel-tire-combo-warp-9-for-talaria,high,"Charged COMPATABILITY: Talaria MX3, MX4. NOT COMPATIBLE WITH SURRON OR E-RIDE"
warp9-19-16-talaria-xxx-mx3-mx4,talaria-sting-mx3,direct,Talaria hub pattern; not Surron,https://warp9racing.com/products/surron-light-bee-eride-pro-s-ss-2-0-ventus-79-bike-falcon-19-16-wheel-set-copy,high,Official: specifically spec'd for Talaria XXX/MX3/MX4
warp9-220mm-caliper-adapter,talaria-sting-mx3,adapter,OEM 203 to 220mm; OEM/Hope/Hayes calipers,https://warp9racing.com/products/surron-talaria-220mm-caliper-adapter-spacer-kit-collective,high,Official title: Surron/Talaria 220mm Caliper Adapter Spacer Kit
warp9-fastace-drop-crown,talaria-sting-mx3,adapter,Only with FastAce AHX12RV/AHX12RVP/ALX13RC. Needs direct bar mount + 220/240 rotor. Not OEM Talaria forks.,https://warp9racing.com/products/fastace-triple-clamps,high,"Official: Talaria Sting MX3/MX4, Sur-Ron Light Bee, and Eride Pro; FastAce AHX12RV & ALX13RC"
warp9-rear-420-sprocket-54t,talaria-sting-mx3,direct,54T needs ~110-link chain; stock chain only to 48T,https://gritshift.com/products/warp-9-e-bike-rear-sprocket,high,"GritShift fitment: Sur Ron LBX/S, Segway X160/X260, Talaria MX3/MX4, XXX, E Ride Pro-S/SS/2.0, 79Bike Falcon Pro/GT, Rawr Mantis X/Pro"
warp9-rear-420-sprocket-58t,talaria-sting-mx3,direct,58T typically ~112-link on LBX/Sting,https://gritshift.com/products/warp-9-e-bike-rear-sprocket,high,"GritShift fitment: Sur Ron LBX/S, Segway X160/X260, Talaria MX3/MX4, XXX, E Ride Pro-S/SS/2.0, 79Bike Falcon Pro/GT, Rawr Mantis X/Pro"
warp9-rear-420-sprocket-64t,talaria-sting-mx3,direct,64T typically ~116-link on LBX/Sting,https://gritshift.com/products/warp-9-e-bike-rear-sprocket,high,"GritShift fitment: Sur Ron LBX/S, Segway X160/X260, Talaria MX3/MX4, XXX, E Ride Pro-S/SS/2.0, 79Bike Falcon Pro/GT, Rawr Mantis X/Pro"
warp9-steerlock-stem-lock,talaria-sting-mx3,direct,Falcon S needs Warp 9 bar clamps. Two versions: fender-mount vs no-fender.,https://www.warp9racing.com/product/surron-talaria-stem-lock/,high,"Official tags: Light Bee, Segway, Sting MX3, Sting R-MX4, XXX, Falcon M/S"
dunlop-mx33-70-100-19,talaria-sting-mx4,platform,Verify crown/swingarm clearance,https://revrides.com/products/dunlop-geo-max-mx33-for-surron-e-ride-pro-talaria-and-more,medium,REVRides MX33 page fitment list; 70/100-19 called out as e-moto size
dunlop-mx33-90-100-16,talaria-sting-mx4,platform,16in rear conversion size,https://revrides.com/products/dunlop-geo-max-mx33-for-surron-e-ride-pro-talaria-and-more,medium,REVRides MX33 page lists 90/100-16 among e-moto sizes
dunlop-mx34-80-100-21,talaria-sting-mx4,adapter,Only with 21in front and compatible wide-crown fork (Charged 18/21 Talaria page),https://chargedcycleworks.com/products/18-21-complete-wheel-tire-combo-warp-9-for-talaria,medium,Charged Talaria 18/21 combo mounts 70/100-21 front; MX34 is the 21in MX replacement Charged uses on Ultra Bee 18/21
ebmx-extended-swingarm,talaria-sting-mx4,unconfirmed,Vendors say Talaria version coming soon — do not treat as shipping SKU,https://chargedcycleworks.com/products/ebmx-extended-swingarm,low,Charged: Talaria coming soon; NOT COMPATIBLE with any other bike on current SKUs
ebmx-x-9000-v3,talaria-sting-mx4,direct,,https://chargedcycleworks.com/products/ebmx-x-9000-controller-air-cooled-heat-sink-1,high,Ultra Bee; Talaria Sting MX3/MX4; EBMX XLB-6
ebmx-xlb-60-mount-bashguard-and-harness-light-bee,talaria-sting-mx4,direct,,https://chargedcycleworks.com/products/ebmx-xlb-60-mount-bashguard-and-harness-set-for-light-bee,high,Bee; Talaria X3/MX3/MX4/MX5; Ventus One/One
ewatt-60-v-53-ah-battery-for-talaria-sting-ewatt,talaria-sting-mx4,direct,,,medium,title says Talaria Sting (MX version not specified)
ewatt-72-v-42-ah-talaria-sting,talaria-sting-mx4,direct,,,medium,title says Talaria Sting (MX version not specified)
ext-ferro-fork-for-light-bee-and-talaria-sting,talaria-sting-mx4,direct,,https://chargedcycleworks.com/products/ext-ferro-fork-for-surron-light-bee-and-talaria-sting-copy,medium,title says Talaria Sting (MX version not specified)
fastace-four-piston-kit,talaria-sting-mx4,platform,Power-off sensor only on Talaria MX3/MX4; others without cut-off,https://eoffroadparts.com/products/hydraulic-disc-brakes-kit-for-talaria-mx3-r-mx4-xxx-segway-x160-x260-sur-ron-light-bee-x-79-bikes-e-ride-pro-ss,medium,"Listing: Talaria MX3/MX4/XXX, Light Bee X, X160/X260, 79Bike Falcon M, E Ride Pro-SS"
formula-e-moto-brakes,talaria-sting-mx4,direct,Mineral-oil 203/220mm bikes only; no e-brake sensor,https://chargedcycleworks.com/products/formula-e-moto-brakes,high,"Charged: Fits mineral oil bikes (Surron Light Bee, Talaria MX3/MX4, E Ride Pro S and SS 2.0)"
gritshift-heavy-hitter-lightning-stop,talaria-sting-mx4,adapter,Bracket+rotor only; needs Brembo P32/P34 + Magura/Brembo master. Talaria spacer included.,https://revrides.com/products/heavy-hitter-lightning-stop-mx-conversion-big-brake-kit,medium,"REVRides fitment: Sur Ron LBX, Segway X260/X160, Talaria MX3/MX4/XXX, Eride Pro/SS, 79bike Falcon-M"
jxr-big-brake-talaria,talaria-sting-mx4,adapter,"Custom Sting brackets; tested FastAce 2.0/3.0, Fox 40, RFLoXa",https://www.mxbits.com/products/jxr-big-brake-conversion-kit-for-talaria,medium,Title: Big Brake Conversion Kit for Talaria; brackets for Talaria Sting; standard Talaria suspension
kke-19-16-talaria,talaria-sting-mx4,direct,Stock disc and sprocket,https://gritshift.com/products/kke-racing-16-19-billet-upgraded-wheel-set,high,"GritShift: Talaria Sting MX3, MX4, XXX"
kke-35-mm-upgraded-5-5-version-front-fork,talaria-sting-mx4,direct,,https://chargedcycleworks.com/products/kke-35mm-upgraded-5-5-version-front-suspension-fork-fit-surron-light-bee-e-ride-pro-ss-talaria-sting-mx3-mx4-r-collective,medium,URL/slug: ride-pro-ss-talaria-sting-mx3-mx4-r-collectiv
kke-37-mm-aluminum-front-fork-suspension-kit,talaria-sting-mx4,direct,,https://chargedcycleworks.com/products/kke-37mm-aluminum-front-fork-suspension-kit-fit-surron-light-bee-e-ride-pro-ss-talaria-sting-mx3-mx4-r-collective,medium,URL/slug: ride-pro-ss-talaria-sting-mx3-mx4-r-collectiv
ko-factory-spec-talaria,talaria-sting-mx4,direct,Select Sting R 4-hole bracket at order,https://www.ko-moto.com/product-page/ko-factory-spec-talaria-upgrade-motor-purple,high,Official: sting R (4 hole bracket)
luna-talaria-cnc-sprocket-54t,talaria-sting-mx4,direct,MX3/MX4 chain chart; XXX subtract 4 links. 54T = 110 links on MX3/MX4.,https://lunacycle.com/talaria-cnc-sprocket-42-64-tooth/,high,"Luna: Fits Talaria (all models), Sur-Ron light bee x and Segway 260/160"
luna-talaria-sting-420-oring-chain-106,talaria-sting-mx4,direct,106L MX4 stock,https://lunacycle.com/talaria-sting-replacement-420-o-ring-chain/,high,Luna: Replacement Stock Chain for the MX4 106 Links
luna-talaria-xxx-420-oring-chain-102,talaria-sting-mx4,incompatible,Wrong length / model,https://lunacycle.com/talaria-xxx-pro-replacement-420-o-ring-chain/,high,Luna: Will NOT Fit the MX5 or MX4
magura-mt5,talaria-sting-mx4,platform,One-side kit; flip for F or R; typically loses brake-light sensor,https://surronoffroadusa.com/product/magura-mt5-brake-system-1-side-front-or-rear/,medium,"Vendor compatibility: Sur Ron, Talaria, Eride Pro and similar e-bikes"
nab-72v-57ah-mercury-battery-for-talaria-mx3-mx4,talaria-sting-mx4,direct,,,high,title says ery for Talaria MX3/MX4
rfloxa-max-triple-clamp,talaria-sting-mx4,adapter,FastAce AHX12RV/ALX13RC or RFLoXa FCG31/32. Talaria needs lower-bearing spacer.,https://www.rflo-xa.com/products/rfloxa-max-triple-clamp-for-fastace-ahx12rv-alx13rc-front-fork-for-surron-talaria,high,"Official: Talaria Sting MX3/MX4/MX5, Sur-Ron Light Bee, and Eride Pro"
shinko-241-275-19,talaria-sting-mx4,platform,19in front/rear size; confirm rim width. Sold each.,https://revrides.com/products/shinko-241-for-surron-e-ride-pro-talaria-and-more,medium,REVRides fitment list includes these e-moto models; size 2.75-19 PN 87-4446
shinko-241-300-16,talaria-sting-mx4,platform,16in rear — typically a 19/16 conversion not stock 19/19 Ultra Bee,https://revrides.com/products/shinko-241-for-surron-e-ride-pro-talaria-and-more,medium,REVRides same platform list; size 3.00-16 PN 87-4441
skrmod-talaria-plus50,talaria-sting-mx4,direct,Street version; longer chain; may need caliper/axle tweaks if already modified,https://skrmod.com/products/talaria-sting-r-swingarm-50mm-extended,high,"Official: MX5 Pro, MX4, MX3"
tb-moto-brake-caliper-bracket-front,talaria-sting-mx4,adapter,Moto caliper + 240mm moto rotor. SS 2.0 only with Fastace fork.,https://tbelectricmoto.com/products/moto-brake-conversion-kit-front-caliper-mounting-bracket,high,TB Electric front bracket fitment list
torp-full-color-display,talaria-sting-mx4,direct,,https://chargedcycleworks.com/products/torp-full-color-display,high,"tra Bee,Talaria MX3/MX4) (chargedcycleworks"
torp-replacement-plastic-shield-talaria-mx3-mx4,talaria-sting-mx4,direct,,https://chargedcycleworks.com/products/torp-replacement-plastic-shield-for-surron-talaria-mx3-mx4,high,Fits Talaria MX3/MX4; compatible with To
torp-tc1000,talaria-sting-mx4,direct,,https://chargedcycleworks.com/products/torp-tc1000-controller,high,ra Bee; Talaria MX3/MX4; supports OEM & aft
torp-tc1000-controller-for-surron-light-bee-and-segway-x260,talaria-sting-mx4,direct,,https://chargedcycleworks.com/products/torp-tc1000-controller-for-surron-light-bee-and-segway-x260-1,high,Compatible Motors text
torp-tc1000-controller-for-talaria-mx3-mx4-r,talaria-sting-mx4,direct,,https://chargedcycleworks.com/products/torp-tc1000-controller-for-talaria-sting-mx3-mx4-r,high,lly for Talaria MX3/MX4/R
torp-tc500,talaria-sting-mx4,direct,,https://chargedcycleworks.com/products/torp-tc500-controller,high,gway X-260; Talaria Sting MX3/MX4; maintains
torp-tc500-controller-for-talaria-sting-mx4,talaria-sting-mx4,direct,,https://chargedcycleworks.com/products/torp-tc500-controller-for-talaria-sting-mx4,high,Compatible Models: Talaria Sting MX4
volar-sport-full-brake-kit,talaria-sting-mx4,adapter,Order Surron vs Talaria fitment. E-Ride SS 2.0 older RST fork has own adapter; Fastace uses Surron. 14-21in wheels.,https://revrides.com/products/volar-sport-full-brake-kit-front-rear-for-e-ride-pro-sur-ron-talaria-more,high,REVRides bike fitment list names these platforms and Surron vs Talaria mount brackets
warp9-18-21-talaria,talaria-sting-mx4,direct,21in front needs 27.5/29-class fork; most 26in forks incompatible. RST Killah needs skinny 21in tire.,https://chargedcycleworks.com/products/18-21-complete-wheel-tire-combo-warp-9-for-talaria,high,"Charged COMPATABILITY: Talaria MX3, MX4. NOT COMPATIBLE WITH SURRON OR E-RIDE"
warp9-19-16-talaria-xxx-mx3-mx4,talaria-sting-mx4,direct,Talaria hub pattern; not Surron,https://warp9racing.com/products/surron-light-bee-eride-pro-s-ss-2-0-ventus-79-bike-falcon-19-16-wheel-set-copy,high,Official: specifically spec'd for Talaria XXX/MX3/MX4
warp9-220mm-caliper-adapter,talaria-sting-mx4,adapter,OEM 203 to 220mm; OEM/Hope/Hayes calipers,https://warp9racing.com/products/surron-talaria-220mm-caliper-adapter-spacer-kit-collective,high,Official title: Surron/Talaria 220mm Caliper Adapter Spacer Kit
warp9-fastace-drop-crown,talaria-sting-mx4,adapter,Only with FastAce AHX12RV/AHX12RVP/ALX13RC. Needs direct bar mount + 220/240 rotor. Not OEM Talaria forks.,https://warp9racing.com/products/fastace-triple-clamps,high,"Official: Talaria Sting MX3/MX4, Sur-Ron Light Bee, and Eride Pro; FastAce AHX12RV & ALX13RC"
warp9-rear-420-sprocket-54t,talaria-sting-mx4,direct,54T needs ~110-link chain; stock chain only to 48T,https://gritshift.com/products/warp-9-e-bike-rear-sprocket,high,"GritShift fitment: Sur Ron LBX/S, Segway X160/X260, Talaria MX3/MX4, XXX, E Ride Pro-S/SS/2.0, 79Bike Falcon Pro/GT, Rawr Mantis X/Pro"
warp9-rear-420-sprocket-58t,talaria-sting-mx4,direct,58T typically ~112-link on LBX/Sting,https://gritshift.com/products/warp-9-e-bike-rear-sprocket,high,"GritShift fitment: Sur Ron LBX/S, Segway X160/X260, Talaria MX3/MX4, XXX, E Ride Pro-S/SS/2.0, 79Bike Falcon Pro/GT, Rawr Mantis X/Pro"
warp9-rear-420-sprocket-64t,talaria-sting-mx4,direct,64T typically ~116-link on LBX/Sting,https://gritshift.com/products/warp-9-e-bike-rear-sprocket,high,"GritShift fitment: Sur Ron LBX/S, Segway X160/X260, Talaria MX3/MX4, XXX, E Ride Pro-S/SS/2.0, 79Bike Falcon Pro/GT, Rawr Mantis X/Pro"
warp9-steerlock-stem-lock,talaria-sting-mx4,direct,Falcon S needs Warp 9 bar clamps. Two versions: fender-mount vs no-fender.,https://www.warp9racing.com/product/surron-talaria-stem-lock/,high,"Official tags: Light Bee, Segway, Sting MX3, Sting R-MX4, XXX, Falcon M/S"
ebmx-xlb-60-mount-bashguard-and-harness-light-bee,talaria-sting-mx5,direct,,https://chargedcycleworks.com/products/ebmx-xlb-60-mount-bashguard-and-harness-set-for-light-bee,high,aria X3/MX3/MX4/MX5; Ventus One/One
formula-e-moto-brakes,talaria-sting-mx5,incompatible,Factory DOT brake bikes,https://chargedcycleworks.com/products/formula-e-moto-brakes,high,"Charged: Does NOT fit E Ride Pro 3.0/SR, Talaria MX5, Altis Sigma"
luna-talaria-cnc-sprocket-54t,talaria-sting-mx5,incompatible,Luna: WILL NOT FIT MX5,https://lunacycle.com/talaria-cnc-sprocket-42-64-tooth/,high,Luna: WILL NOT FIT MX5
luna-talaria-sting-420-oring-chain-106,talaria-sting-mx5,incompatible,,https://lunacycle.com/talaria-sting-replacement-420-o-ring-chain/,high,Luna: Will NOT Fit the MX5 or the XXX
luna-talaria-xxx-420-oring-chain-102,talaria-sting-mx5,incompatible,Wrong length / model,https://lunacycle.com/talaria-xxx-pro-replacement-420-o-ring-chain/,high,Luna: Will NOT Fit the MX5 or MX4
rfloxa-max-triple-clamp,talaria-sting-mx5,adapter,FastAce AHX12RV/ALX13RC or RFLoXa FCG31/32. Talaria needs lower-bearing spacer.,https://www.rflo-xa.com/products/rfloxa-max-triple-clamp-for-fastace-ahx12rv-alx13rc-front-fork-for-surron-talaria,high,"Official: Talaria Sting MX3/MX4/MX5, Sur-Ron Light Bee, and Eride Pro"
skrmod-talaria-plus50,talaria-sting-mx5,direct,Street version; longer chain; may need caliper/axle tweaks if already modified,https://skrmod.com/products/talaria-sting-r-swingarm-50mm-extended,high,"Official: MX5 Pro, MX4, MX3"
tb-moto-brake-caliper-bracket-front,talaria-sting-mx5,incompatible,Vendor: DOES NOT FIT MX5,https://tbelectricmoto.com/products/moto-brake-conversion-kit-front-caliper-mounting-bracket,high,TB Electric: DOES NOT FIT MX5
warp9-220mm-caliper-adapter,talaria-sting-mx5,platform,Dealer fitment list; official page does not enumerate these,https://revrides.com/products/warp-9-220mm-rear-brake-rotor-adapter,medium,REVRides fitment list for Warp 9 220mm rear adapter
warp9-fastace-drop-crown,talaria-sting-mx5,incompatible,Official: not compatible with MX5 or OEM Talaria factory forks,https://warp9racing.com/products/fastace-triple-clamps,high,"Official notes: Not compatible with Volar, MX5 or Rippin Moto brake systems; will not fit OEM Talaria factory forks"
warp9-steerlock-stem-lock,talaria-sting-mx5,platform,"Dealer list, not official Warp9 tags",https://tbelectricmoto.com/products/warp-9-stem-lock,medium,"TB Electric bike fitment includes MX5, E-Ride Pro SS 1/2/3, SR"
dunlop-mx33-70-100-19,talaria-xxx,platform,Verify crown/swingarm clearance,https://revrides.com/products/dunlop-geo-max-mx33-for-surron-e-ride-pro-talaria-and-more,medium,REVRides MX33 page fitment list; 70/100-19 called out as e-moto size
dunlop-mx33-90-100-16,talaria-xxx,platform,16in rear conversion size,https://revrides.com/products/dunlop-geo-max-mx33-for-surron-e-ride-pro-talaria-and-more,medium,REVRides MX33 page lists 90/100-16 among e-moto sizes
ebg-xxx-primary-pulley-belt-kit,talaria-xxx,direct,Confirm 18 vs 20mm belt width vs stock 16mm,https://ebikegarage.shop/product/talaria-xxx-primary-drive-front-rear-pulley-v2/,high,Official: Talaria XXX — all years; direct OEM replacement
ebmx-x-9000-talaria-xxx-harness-brackets-plus-bashguard,talaria-xxx,direct,,https://chargedcycleworks.com/products/x-9000-talaria-xxx-harness-brackets-bashguard-excludes-controller,high,For Talaria XXX; choose V2 or V
ebmx-xlb-60-core,talaria-xxx,adapter,Harness adapters required,https://www.ebmx.com/xlb-60-core,high,Official: Talaria xXx (harness adapters required)
ebmx-xlb-60-mount-bashguard-and-harness-light-bee,talaria-xxx,direct,,https://chargedcycleworks.com/products/ebmx-xlb-60-mount-bashguard-and-harness-set-for-light-bee,high,ra Bee; Talaria X3/MX3/MX4/MX5; Ve
ebmx-xlb-60-race,talaria-xxx,adapter,Harness adapters required per EBMX,https://www.ebmx.com/xlb-60-race,high,Official: Talaria xXx (harness adapters required)
fastace-four-piston-kit,talaria-xxx,platform,Power-off sensor only on Talaria MX3/MX4; others without cut-off,https://eoffroadparts.com/products/hydraulic-disc-brakes-kit-for-talaria-mx3-r-mx4-xxx-segway-x160-x260-sur-ron-light-bee-x-79-bikes-e-ride-pro-ss,medium,"Listing: Talaria MX3/MX4/XXX, Light Bee X, X160/X260, 79Bike Falcon M, E Ride Pro-SS"
gritshift-heavy-hitter-lightning-stop,talaria-xxx,adapter,Bracket+rotor only; needs Brembo P32/P34 + Magura/Brembo master. Talaria spacer included.,https://revrides.com/products/heavy-hitter-lightning-stop-mx-conversion-big-brake-kit,medium,"REVRides fitment: Sur Ron LBX, Segway X260/X160, Talaria MX3/MX4/XXX, Eride Pro/SS, 79bike Falcon-M"
kke-19-16-talaria,talaria-xxx,direct,Stock disc and sprocket,https://gritshift.com/products/kke-racing-16-19-billet-upgraded-wheel-set,high,"GritShift: Talaria Sting MX3, MX4, XXX"
luna-talaria-cnc-sprocket-54t,talaria-xxx,direct,MX3/MX4 chain chart; XXX subtract 4 links. 54T = 110 links on MX3/MX4.,https://lunacycle.com/talaria-cnc-sprocket-42-64-tooth/,high,"Luna: Fits Talaria (all models), Sur-Ron light bee x and Segway 260/160"
luna-talaria-sting-420-oring-chain-106,talaria-xxx,incompatible,,https://lunacycle.com/talaria-sting-replacement-420-o-ring-chain/,high,Luna: Will NOT Fit the MX5 or the XXX
luna-talaria-xxx-420-oring-chain-102,talaria-xxx,direct,102L for stock 48T XXX,https://lunacycle.com/talaria-xxx-pro-replacement-420-o-ring-chain/,high,Luna: Replacement stock chain for the XXX on 48T; 102 links
shinko-241-275-19,talaria-xxx,platform,19in front/rear size; confirm rim width. Sold each.,https://revrides.com/products/shinko-241-for-surron-e-ride-pro-talaria-and-more,medium,REVRides fitment list includes these e-moto models; size 2.75-19 PN 87-4446
shinko-241-300-16,talaria-xxx,platform,16in rear — typically a 19/16 conversion not stock 19/19 Ultra Bee,https://revrides.com/products/shinko-241-for-surron-e-ride-pro-talaria-and-more,medium,REVRides same platform list; size 3.00-16 PN 87-4441
talaria-xxx-74v,talaria-xxx,direct,,,high,title says Talaria XXX 74V
tb-moto-brake-caliper-bracket-front,talaria-xxx,adapter,Moto caliper + 240mm moto rotor. SS 2.0 only with Fastace fork.,https://tbelectricmoto.com/products/moto-brake-conversion-kit-front-caliper-mounting-bracket,high,TB Electric front bracket fitment list
volar-sport-full-brake-kit,talaria-xxx,adapter,Order Surron vs Talaria fitment. E-Ride SS 2.0 older RST fork has own adapter; Fastace uses Surron. 14-21in wheels.,https://revrides.com/products/volar-sport-full-brake-kit-front-rear-for-e-ride-pro-sur-ron-talaria-more,high,REVRides bike fitment list names these platforms and Surron vs Talaria mount brackets
warp9-19-16-talaria-xxx-mx3-mx4,talaria-xxx,direct,Talaria hub pattern; not Surron,https://warp9racing.com/products/surron-light-bee-eride-pro-s-ss-2-0-ventus-79-bike-falcon-19-16-wheel-set-copy,high,Official: specifically spec'd for Talaria XXX/MX3/MX4
warp9-220mm-caliper-adapter,talaria-xxx,platform,Dealer fitment list; official page does not enumerate these,https://revrides.com/products/warp-9-220mm-rear-brake-rotor-adapter,medium,REVRides fitment list for Warp 9 220mm rear adapter
warp9-rear-420-sprocket-54t,talaria-xxx,direct,54T needs ~110-link chain; stock chain only to 48T,https://gritshift.com/products/warp-9-e-bike-rear-sprocket,high,"GritShift fitment: Sur Ron LBX/S, Segway X160/X260, Talaria MX3/MX4, XXX, E Ride Pro-S/SS/2.0, 79Bike Falcon Pro/GT, Rawr Mantis X/Pro"
warp9-rear-420-sprocket-58t,talaria-xxx,direct,58T typically ~112-link on LBX/Sting,https://gritshift.com/products/warp-9-e-bike-rear-sprocket,high,"GritShift fitment: Sur Ron LBX/S, Segway X160/X260, Talaria MX3/MX4, XXX, E Ride Pro-S/SS/2.0, 79Bike Falcon Pro/GT, Rawr Mantis X/Pro"
warp9-rear-420-sprocket-64t,talaria-xxx,direct,64T typically ~116-link on LBX/Sting,https://gritshift.com/products/warp-9-e-bike-rear-sprocket,high,"GritShift fitment: Sur Ron LBX/S, Segway X160/X260, Talaria MX3/MX4, XXX, E Ride Pro-S/SS/2.0, 79Bike Falcon Pro/GT, Rawr Mantis X/Pro"
warp9-steerlock-stem-lock,talaria-xxx,direct,Falcon S needs Warp 9 bar clamps. Two versions: fender-mount vs no-fender.,https://www.warp9racing.com/product/surron-talaria-stem-lock/,high,"Official tags: Light Bee, Segway, Sting MX3, Sting R-MX4, XXX, Falcon M/S"
ebmx-xlb-60-mount-bashguard-and-harness-light-bee,ventus-one,direct,,https://chargedcycleworks.com/products/ebmx-xlb-60-mount-bashguard-and-harness-set-for-light-bee,high,X3/MX4/MX5; Ventus One/One +; Zero
