part_id,category,subcategory,brand,name,product_url,price_usd,availability,voltage,key_spec,notes,source
72-v-35-ah,battery,,,72 V / 35 Ah,,,,,,"junk: unnamed generic voltage/capacity spec, not a product",batteries
charged-ultra-bee-72-v-76-ah,battery,,Charged,Charged Ultra Bee 72 V 76 Ah,https://www.ewatt.cc/list_14/77.html,3770,Sold out,72 V,Voltage: 72 V | Battery Amp: 76 Ah | Battery Wattage: 5472,,ewatt.cc
charged-ultra-bee-80-v-76-ah,battery,,Charged,Charged Ultra Bee 80 V 76 Ah,https://www.ewatt.cc/list_14/80.html,3400,Sold out,80 V,Voltage: 80 V | Battery Amp: 76 Ah | Battery Wattage: 6080,,ewatt.cc
charged-ultra-bee-80-v-76-ah-battery-plus-lid-plus-charger-bundle,battery,bundle,Charged,Ultra Bee 80 V 76 Ah Battery + lid + charger Bundle,https://chargedcycleworks.com/products/ultra-bee-80v-76ah-battery-lid-charger-bundle-ewatt,3600,Sold out,80 V,Voltage: 80 V | Battery Amp: 76 Ah | Battery Wattage: 6080 | Peak Power: 48 kW | Continuous Power: 24 kW | Weight (kg): 56.0,,chargedcycleworks.com
nab-72-v-40-5-ah-mx-race-battery,battery,,NAB,NAB 72 V 40.5 Ah MX Race Battery,https://chargedcycleworks.com/products/nab-72v-mx-race-battery,2399,Sold out,72 V,Voltage: 72 V | Battery Amp: 40.5 Ah | Battery Wattage: 2916 | Peak Power: 29 kW (10 s burst) | Continuous Power: 19 kW,,chargedcycleworks.com
nab-72-v-42-ah-expedition,battery,,NAB,NAB 72 V 42 Ah Expedition,,2334,Sold out,72 V,Voltage: 72 V | Battery Amp: 42 Ah | Battery Wattage: 3024,No live 42Ah Expedition page; CCW Expedition listing is 57Ah only,batteries
nab-72-v-57-ah-nova,battery,,NAB,NAB 72 V 57 Ah Nova,,2584,Sold out,72 V,Voltage: 72 V | Battery Amp: 57 Ah | Battery Wattage: 4104,No live 72V Nova page; live Nova is 76V 57Ah,batteries
nab-72-v-mx-race-57-ah,battery,,NAB,NAB 72 V MX Race (57 Ah),,2399,Sold out,72 V,Voltage: 72 V | Battery Amp: 57 Ah | Battery Wattage: 4104,No 57Ah MX Race page; live MX Race is 40.5Ah,batteries
nab-72v-42ah-street-pack-battery-for-surron-light-bee,battery,,NAB,NAB 72V 42Ah Street Pack battery for Surron Light Bee,https://chargedcycleworks.com/products/nab-72v-42ah-street-pack-battery-for-surron-light-bee,2250,Sold out,72 V,Voltage: 72 V | Battery Amp: 42 Ah | Battery Wattage: 3024,merged nab-72-v-42-ah-street-pack (same 72V 42Ah Street Pack $2250 / 3024Wh),chargedcycleworks.com
nab-72v-57ah-expedition-battery-for-surron-light-bee,battery,,NAB,NAB 72V 57Ah Expedition battery for Surron Light Bee,https://chargedcycleworks.com/products/nab-72v-57ah-expedition-battery-for-surron-light-bee,2334,Sold out (lead time ~3 weeks),72 V,Voltage: 72 V | Battery Amp: 57 Ah | Battery Wattage: 4218 | Peak Power: 20.5 kW | Continuous Power: 12.3 kW | Weight (kg): 39.0,,chargedcycleworks.com
nab-72v-57ah-mercury-battery-for-talaria-mx3-mx4,battery,,NAB,NAB 72V 57Ah Mercury battery for Talaria MX3/MX4,https://chargedcycleworks.com/products/nab-72v-mercury-57ah,2365,In stock (2-3 weeks),72 V,Voltage: 72 V | Battery Amp: 57 Ah | Battery Wattage: 4218 | Peak Power: 20.5 kW | Continuous Power: 12.3 kW | Weight (kg): 40.0,merged nab-72-v-57-ah-mercury (same 72V 57Ah Mercury $2365),chargedcycleworks.com
nab-76-v-57-ah-nova-battery-talaria-and-e-ride-pro,battery,,NAB,NAB 76 V 57 Ah Nova Battery (Talaria & E-Ride Pro),https://chargedcycleworks.com/products/nab-76v-57ah-nova-battery-for-talaria-and-e-ride-pro,2584,In stock (lead ≤ 2 weeks),76 V,Voltage: 76 V | Battery Amp: 57 Ah | Battery Wattage: 4310 | Peak Power: 21.6 kW | Continuous Power: 13 kW | Weight (kg): 41.0,,chargedcycleworks.com
talaria-xxx-74v,battery,,Talaria,Talaria XXX 74V,https://chargedcycleworks.com/products/talaria-xxx-74v-battery,1800,Out-of-stock,74 V (max charge to approx. 86 V),Voltage: 74 V (max charge to approx. 86 V) | Battery Amp: 44 Ah | Battery Wattage: 3330 | Peak Power: 30 kW (15-s burst) | Continuous Power: 16 kW | Weight (kg): 16.0,,chargedcycleworks.com
vtb-battery-evo-lite-72-v-45-ah,battery,,VTB,VTB Battery EVO Lite (72 V 45 Ah),,2699,Limited availability,72 V,Voltage: 72 V | Battery Amp: ~3240 Wh (72V × 45Ah) | Battery Wattage: 3240 | Peak Power: ~20 kW (inferred) | Continuous Power: ~15.8 kW (inferred) | Weight (kg): 16.5,No dedicated Evo Lite 45Ah product URL; 45Ah mentioned only as copy on 50Ah pages,batteries
vtb-evo-gt-72v-50ah-for-surron-light-bee,battery,,VTB,VTB Evo GT 72V 50Ah (for Surron Light Bee),https://chargedcycleworks.com/products/vtb-battery-for-surron-light-bee-x,2899,Out-of-stock,72 V,"Voltage: 72 V | Battery Amp: 50 Ah | Battery Wattage: 3600 | Peak Power: 32 kW peak (550 A for 10 s, set to 400 A) | Continuous Power: 19.2 kW / 250 A",,chargedcycleworks.com
vtb-evo-plus-72v-50ah-for-surron-light-bee,battery,,VTB,VTB Evo Plus 72V 50Ah (for Surron Light Bee),https://ventusonebike.com/shop/vtb-battery-for-surron-light-bee-evo-plus-vtb7250-5c-qf/,2499,Out-of-stock,72 V,"Voltage: 72 V | Battery Amp: 50 Ah | Battery Wattage: 3600 | Peak Power: 20.7 kW peak (550 A for 10 s, set to 400 A) | Continuous Power: 15.3 kW / 200 A | Weight (kg): 18.2",,ventusonebike.com
ewatt-60-v-53-ah-battery-for-talaria-sting-ewatt,battery,,eWatt,60 V 53 Ah Battery for Talaria Sting (eWatt),https://www.ewatt.cc/list_13/39.html,,In stock/backorder,60V,Voltage: 60V | Battery Amp: 53 Ah | Battery Wattage: 3180 | Peak Power: 18-24 kW | Continuous Power: ~9.5 kW | Weight (kg): 17.4,,ewatt.cc
ewatt-60-v-53-ah-light-bee,battery,,eWatt,eWatt 60 V 53 Ah (Light Bee),https://www.ewatt.cc/product/33.html,2000,In stock,60 V,Voltage: 60 V | Battery Amp: 53 Ah | Battery Wattage: 3159,merged ewatt-60-v-53-ah-battery-for-surron-light-bee (same eWatt L6053 60V 53Ah Light Bee),ewatt.cc
ewatt-60-v-65-ah-light-bee,battery,,eWatt,eWatt 60 V 65 Ah (Light Bee),https://www.ewatt.cc/product/31.html,2800,In stock,60 V,Voltage: 60 V | Battery Amp: 65 Ah | Battery Wattage: 3900 | Peak Power: 19 kW | Weight (kg): 19.5,,ewatt.cc
ewatt-72-v-42-ah-sur-ron-lbx,battery,,eWatt,eWatt 72 V 42 Ah (Sur-Ron LBX),https://ewatt.cc/product/50.html,2390,In stock,72 V,Voltage: 72 V | Battery Amp: 42 Ah | Battery Wattage: 3024 | Peak Power: 22 kW | Weight (kg): 17.5,,ewatt.cc
ewatt-72-v-42-ah-talaria-sting,battery,,eWatt,eWatt 72 V 42 Ah (Talaria Sting),https://ewatt.cc/list_13/60.html,2000,In stock,72 V,Voltage: 72 V | Battery Amp: 42 Ah | Battery Wattage: 3024 | Peak Power: 28 kW | Continuous Power: 16 kW | Weight (kg): 19.0,merged ewatt-72-v-42-ah-battery-for-talaria-sting (same eWatt T7242H 72V 42Ah Talaria),ewatt.cc
ewatt-72-v-63-ah-light-bee,battery,,eWatt,eWatt 72 V 63 Ah (Light Bee),https://ewatt.cc/product/61.html,3000,In stock,72 V,Voltage: 72 V | Battery Amp: 63 Ah | Battery Wattage: 4536 | Peak Power: 28 kW | Weight (kg): 19.7,,ewatt.cc
ewatt-74-v-45-ah-light-bee,battery,,eWatt,eWatt 74 V 45 Ah (Light Bee),https://darwinev.com/products/ewatt-74v-45ah-hv6-battery-upgrade-surron-light-bee,2200,In stock,74 V,Voltage: 74 V | Battery Amp: 45 Ah | Battery Wattage: 3330 | Peak Power: 30 kW | Weight (kg): 17.0,,darwinev.com
ewatt-81-v-45-ah-battery-for-e-ride-pro-bundle,battery,bundle,eWatt,eWatt 81 V 45 Ah Battery for E-Ride Pro - Bundle,https://chargedcycleworks.com/products/ewatt-81v-45ah-battery-for-e-ride-pro,2800,"Sold out at CCW (~US $2,800)",81.4 V,Voltage: 81.4 V | Battery Amp: 45 Ah | Battery Wattage: 3663 | Peak Power: ~40 kW | Continuous Power: ~20 kW (inferred) | Weight (kg): 40.8,,chargedcycleworks.com
ewatt-81-4-v-45-ah,battery,,eWatt,eWatt 81.4 V 45 Ah,https://www.ewatt.cc/product-7/67.html,2800,In stock,81.4 V,Voltage: 81.4 V | Battery Amp: 45 Ah | Battery Wattage: 3663 | Peak Power: 32-40 kW | Weight (kg): 18.5,,ewatt.cc
fastace-four-piston-kit,brake,4-piston kit,FastAce,Four-Piston Hydraulic Brake Kit,https://eoffroadparts.com/products/hydraulic-disc-brakes-kit-for-talaria-mx3-r-mx4-xxx-segway-x160-x260-sur-ron-light-bee-x-79-bikes-e-ride-pro-ss,305,sold_out,,4-piston open hydraulic; 160/180/203/220mm discs; ~2.3mm pad,Listed: MX3 / MX4 / XXX / Light Bee X / X160 / X260 / 79Bike Falcon M / E Ride Pro-SS. Power-off sensor only on Talaria MX3/MX4.,eoffroadparts.com
formula-e-moto-brakes,brake,4-piston kit,Formula,E-Moto Brake (Cura 4 + moto master),https://chargedcycleworks.com/products/formula-e-moto-brakes,279,available,,DOT 4; moto master + 4-piston Cura 4; 203/220mm mineral-oil bikes,"Charged: mineral-oil bikes only — Light Bee, Talaria MX3/MX4, E Ride Pro S and SS 2.0, Ventus. Does NOT fit factory DOT bikes (E Ride Pro 3.0/SR, Talaria MX5, Altis Sigma). No e-brake sensor.",chargedcycleworks.com
gritshift-heavy-hitter-lightning-stop,brake,moto conversion,GritShift,Heavy Hitter Lightning Stop MX Conversion Big Brake Kit,https://www.dhmotoring.com/products/heavy-hitter-lightning-stop-mx-conversion-big-brake-kit,279.89,preorder,,245mm x 4mm rotor + 7075 shark-fin bracket for Brembo P32/P34,"REVRides fitment list includes LBX, X260/X160, MX3/MX4/XXX, Eride Pro/SS, 79Bike Falcon-M, Rerode R1. Needs Magura/Brembo master separately.",dhmotoring.com
jxr-big-brake-talaria,brake,moto conversion,JXR,Big Brake Conversion Kit for Talaria,https://www.mxbits.com/products/jxr-big-brake-conversion-kit-for-talaria,,available,,230mm F / 220mm R x 3mm floating; Ultra Bee-style calipers + brackets,"Vendor: Talaria Sting models. Tested FastAce 2.0/3.0, Fox 40, RFLoXa; claims standard Talaria suspension. Unbranded UB-style brakes.",mxbits.com
magura-mt5,brake,4-piston MTB,Magura,MT5 Brake System (one side),https://surronoffroadusa.com/product/magura-mt5-brake-system-1-side-front-or-rear/,,available,,4-piston hydraulic MTB; mineral oil family,"Vendor: Sur Ron, Talaria, Eride Pro and similar. Flip for either side. Aftermarket MTB brakes typically lose e-brake light sensors.",surronoffroadusa.com
tb-moto-brake-caliper-bracket-front,brake,moto adapter,TB Electric,Moto Brake Front Caliper Mounting Bracket,https://tbelectricmoto.com/products/moto-brake-conversion-kit-front-caliper-mounting-bracket,43,available,,Adapts OEM mounts to moto caliper + 240mm moto rotor,"Official: MX3/MX4, XXX/XXX Pro, E-Ride Pro S, E-Ride Pro SS 2.0 with Fastace fork, Light Bee, 79Bike Falcon M. DOES NOT FIT MX5.",tbelectricmoto.com
volar-sport-full-brake-kit,brake,moto 4-piston kit,Volar Sport,Full Brake Kit Front & Rear,https://revrides.com/products/volar-sport-full-brake-kit-front-rear-for-e-ride-pro-sur-ron-talaria-more,,available,,250mm F / 228mm R floating 3mm; 4-piston moto calipers,"REVRides: E-Ride Pro S/SS 2.0 (Fastace=Surron fitment; older RST has own adapter), Talaria MX3/MX4/XXX (order Talaria), Light Bee X, Rawrr Mantis, 79Bike Falcon, X160/X260.",revrides.com
warp9-220mm-caliper-adapter,brake,rotor adapter,Warp 9,Surron/Talaria 220mm Caliper Adapter Spacer Kit,https://warp9racing.com/products/surron-talaria-220mm-caliper-adapter-spacer-kit-collective,14,available,,OEM 203mm to 220mm; 2 spacers + longer bolts; SKU S-R220SPACER-2,"Official: OEM brown/green calipers, Hope, Hayes; front and rear. Title is Surron/Talaria. REVRides lists Light Bee platform + Talaria + Eride + 79Bike + Rawrr + Altis + MX5.",warp9racing.com
warp9-ultra-bee-rotor-240-fixed,brake,rotor,Warp 9,Ultra Bee 240mm Fixed Rotor,https://warp9racing.com/products/surron-ultra-bee-rotors,49,available,,240x3.20mm fixed wave; OEM Ultra or Warp 9 hub; F or R,Official Ultra Bee only. SKU RO-114 family.,warp9racing.com
warp9-ultra-bee-rotor-260-float,brake,rotor,Warp 9,Ultra Bee 260mm Floating Rotor,https://warp9racing.com/products/surron-ultra-bee-rotors,,available,,260x3.20mm floating front only,Official Ultra Bee front only. Requires Warp 9 caliper adapter S-FB260.,warp9racing.com
charged-fast-charger-for-charged-cycle-works-batteries,charger,,Charged,Fast Charger for Charged Cycle Works Batteries,https://chargedcycleworks.com/products/fast-chargers-for-charged-cycle-works-batteries-up-to-150-faster-charging,160,In stock (sale),"60V, 72V, 80V, 74V","Voltage: 60V, 72V, 80V, 74V | Battery Amp: 15A | Peak Power: 1,080 W | Continuous Power: 1,080 W",,chargedcycleworks.com
gritshift-60v-2-amp-portable-charger,charger,,GritShift,GritShift 60V 2 Amp Portable Charger,https://gritshift.com/products/gritshift-60v-2-amp-portable-charger-sur-ron-segway,49.89,Available; check stock,67.2 V DC,Voltage: 67.2 V DC | Peak Power: ~135 W | Continuous Power: ~135 W | Weight (kg): 0.8,,gritshift.com
nab-72-v-adjustable-charger,charger,,NAB,NAB 72 V Adjustable Charger,https://chargedcycleworks.com/products/nab-72v-adjustable-charger,219,In stock via Charged Cycle Works,72V or 76V,Voltage: 72V or 76V | Battery Amp: 13A or 10A,,chargedcycleworks.com
asi-bac8000,controller,,ASI,BAC8000,https://www.acceleratedsystems.com/products/electric-motor-controllers/bac8000,,Not found on the site-availability & MOQ unknown,24 - 72 V nominal (up to ~84 V peak),Voltage Range: 24 - 72 V nominal (up to ~84 V peak) | Peak Phase Current: 700 A (up to 860 A per some datasheets) | Max Power Output: ~32-54 kW in real-world use | Compatible Motors: Note: BAC8000 controller may touch skid plate-Talaria with aftermarket controllers,,acceleratedsystems.com
ebmx-x-9000-v3,controller,,EBMX,EBMX X-9000 V3,https://chargedcycleworks.com/products/ebmx-x-9000-v3-kit,1199,"In stock - assembly kits and the V3 version are available; MOQ not specified, standard online purchase applies",48-110 V,"Voltage Range: 48-110 V | Peak Phase Current: 1,000 A continuous,1,600 A burst | Max Power Output: 50 kW continuous (60 kW peak) | Compatible Motors: Compatible with SurRon Light Bee,Ultra Bee; Talaria Sting MX3/MX4; EBMX XLB-60 (chargedcycleworks.com,chargedcycleworks.com)",,controllers
ko-moto-rush-series-controller,controller,,KO-Moto,KO-Moto Rush Series Controller,https://www.ko-moto.com/product-page/ko-factory-spec-rush-controller,955,In stock - MOQ: 1,40 V-100 V (operational 48-100 V),"Voltage Range: 40 V-100 V (operational 48-100 V) | Peak Phase Current: 1800 A phase; 600 A line | Max Power Output: 60 kW peak | Compatible Motors: Drop-in replacement for Surron,Segway OR,Talaria platforms",,ko-moto.com
torp-tc1000,controller,,Torp,Torp TC1000,https://chargedcycleworks.com/products/torp-tc1000-controller,,"Sold out - sold out on multiple listings (Light Bee, Ultra Bee variants); MOQ not available",60-84 V nominal (OEM to aftermarket)(supports up to 80 V systems),Voltage Range: 60-84 V nominal (OEM to aftermarket)(supports up to 80 V systems) | Peak Phase Current: 700 A peak | Max Power Output: 17 kW OEM bike; up to 50 kW on aftermarket battery | Compatible Motors: Surron Light Bee/X-260; SurRon Ultra Bee; Talaria MX3/MX4; supports OEM & aftermarket batteries,,controllers
torp-tc1000-controller-for-surron-light-bee-and-segway-x260,controller,,Torp,Torp TC1000 Controller (for Surron Light Bee & Segway X260),https://chargedcycleworks.com/products/torp-tc1000-controller-for-surron-light-bee-and-segway-x260-1,,Out of stock / MOQ not specified,60-80 V nominal (≈92.4 V peak),"Voltage Range: 60-80 V nominal (≈92.4 V peak) | Peak Phase Current: 1000 A | Max Power Output: 50 kW | Compatible Motors: Surron Light Bee*,Ultra Bee,Segway X260,Talaria MX3/4; supports OEM and aftermarket 72 V batteries; pairs well with Torp TM series motors",,controllers
torp-tc1000-controller-for-talaria-mx3-mx4-r,controller,,Torp,Torp TC1000 Controller for Talaria MX3/MX4/R,https://chargedcycleworks.com/products/torp-tc1000-controller-for-talaria-sting-mx3-mx4-r,1350,"Sold out - sold per unit, no MOQ specified",Up to ~92.4 V (80 V nominal),"Voltage Range: Up to ~92.4 V (80 V nominal) | Peak Phase Current: 1,000 A | Max Power Output: 50 kW nominal (8 - 11.5 kW real) | Compatible Motors: Compatible with stock Talaria and aftermarket batteries (60-80 V); designed specifically for Talaria MX3/MX4/R",,controllers
torp-tc500,controller,,Torp,Torp TC500,https://chargedcycleworks.com/products/torp-tc500-controller,,Sold out - no stock for foreseeable future; MOQ not available,20-90 V,Voltage Range: 20-90 V | Peak Phase Current: 500 A peak | Max Power Output: Up to 25 kW (17 kW continuous OEM bike) | Compatible Motors: Surron Light Bee/Segway X-260; Talaria Sting MX3/MX4; maintains OEM motor,,controllers
torp-tc500-controller-for-talaria-sting-mx4,controller,,Torp,Torp TC500 Controller (for Talaria Sting MX4),https://chargedcycleworks.com/products/torp-tc500-controller-for-talaria-sting-mx4,,Out of stock / MOQ not specified,60-72 V nominal (up to 90 V),Voltage Range: 60-72 V nominal (up to 90 V) | Peak Phase Current: 500 A | Max Power Output: 25 kW | Compatible Motors: Specifically for Surron Light Bee and Talaria Sting MX4,,controllers
ebmx-x-9000-controller-sw102-display-v2,display,,EBMX,EBMX X-9000 Controller SW102 Display (V2),https://chargedcycleworks.com/products/x-9000-controller-sw102-display,85,Sold out - MOQ 1 (individual unit only),40-100 V (working 48-93 V),Voltage Range: 40-100 V (working 48-93 V) | Peak Phase Current: 1000 A (burst 1500 A) | Max Power Output: Est. up to ~100 kW w/ 1000 A × 100 V | Compatible Motors: EBMX X-9000 controller systems,,controllers
torp-full-color-display,display,color,Torp,Torp Full-Color Display,https://chargedcycleworks.com/products/torp-full-color-display,235,Sold out - MOQ 1 (individual unit only),Works with 20-90 V controllers (e.g. TC500),"Voltage Range: Works with 20-90 V controllers (e.g. TC500) | Peak Phase Current: Supports up to 500 A phase on TC500 | Max Power Output: Paired with TC500’s 25 kW max | Compatible Motors: Torp TC500 & TC1000 controllers (for SurRon Light Bee,Ultra Bee,Talaria MX3/MX4) (chargedcycleworks.com)",,controllers
ebg-xxx-primary-pulley-belt-kit,drivetrain,primary belt kit,EBG,Talaria XXX Primary Drive Front & Rear Pulley V2,https://ebikegarage.shop/product/talaria-xxx-primary-drive-front-rear-pulley-v2/,,available,,304 SS front pulley; 7075 rear; 18mm or 20mm carbon belt (stock 16mm),"Official: Talaria XXX all years, direct OEM replacement. Confirm belt width. Wholesale page also lists a wider-compat kit — this V2 SKU is XXX-only.",ebikegarage.shop
luna-talaria-cnc-sprocket-54t,drivetrain,rear sprocket,Luna Cycle,Talaria CNC Sprocket 54T,https://lunacycle.com/talaria-cnc-sprocket-42-64-tooth/,42,available,,7075 aluminum 420; 54T; MX3/MX4 110-link chart,Luna: Talaria all models except MX5; Light Bee X; Segway 260/160. WILL NOT FIT MX5. XXX chain is 4 links shorter than MX3/MX4 chart.,lunacycle.com
luna-talaria-sting-420-oring-chain-106,drivetrain,420 chain,Luna Cycle,Talaria STING Replacement 420 O-Ring Chain 106L,https://lunacycle.com/talaria-sting-replacement-420-o-ring-chain/,30,available,,106 links + master; PN 31352-56000-000; MX4 stock length,Luna: replacement stock chain for MX4. Will NOT fit MX5 or XXX. Product titled STING so MX3 listed as platform.,lunacycle.com
luna-talaria-xxx-420-oring-chain-102,drivetrain,420 chain,Luna Cycle,Talaria XXX Pro Replacement 420 O-Ring Chain 102L,https://lunacycle.com/talaria-xxx-pro-replacement-420-o-ring-chain/,35,available,,102 links + master; PN 31351-56000-000; 48T stock,Luna: XXX on 48T. Will NOT fit MX5 or MX4.,lunacycle.com
warp9-rear-420-sprocket-54t,drivetrain,rear sprocket,Warp 9,Rear 420 Sprocket 54T,https://gritshift.com/products/warp-9-e-bike-rear-sprocket,56.99,available,,7075-T6 420; SKU family S-RSPRO; 54T needs ~110-link chain,"GritShift fitment: LBX/S, X160/X260, MX3/MX4, XXX, E Ride Pro-S/SS/2.0, Ventus ONE+, 79Bike Falcon Pro/GT, Rerode R1, Rawr Mantis X/Pro, Zero XB. Stock chain only to 48T.",gritshift.com
warp9-rear-420-sprocket-58t,drivetrain,rear sprocket,Warp 9,Rear 420 Sprocket 58T,https://gritshift.com/products/warp-9-e-bike-rear-sprocket,59.99,available,,7075-T6 420; SKU S-RSPRO-58,Same GritShift bike list as 54T. 58T typically ~112-link chain on LBX/Sting (Luna chart).,gritshift.com
warp9-rear-420-sprocket-64t,drivetrain,rear sprocket,Warp 9,Rear 420 Sprocket 64T,https://gritshift.com/products/warp-9-e-bike-rear-sprocket,68.99,available,,7075-T6 420; 64T,Same GritShift bike list. 64T typically ~116-link chain on LBX/Sting.,gritshift.com
warp9-ultra-bee-jackshaft-13t,drivetrain,jackshaft sprocket,Warp 9,Ultra Bee Jack Shaft Sprocket 13T,https://warp9racing.com/products/ultra-bee-jack-shaft-sprocket,22,backorder,,Hardened tool steel; OEM 13T; seal included; SKU S-UJSPRO-13,Official Ultra Bee. ECR: OEM jackshaft only — not EBMX competition jackshaft. Backorder noted Aug 2026 on official page.,warp9racing.com
warp9-ultra-bee-jackshaft-14t,drivetrain,jackshaft sprocket,Warp 9,Ultra Bee Jack Shaft Sprocket 14T,https://warp9racing.com/products/ultra-bee-jack-shaft-sprocket,22,backorder,,Hardened tool steel 14T; more top speed / less torque,Official Ultra Bee. Same OEM-jackshaft-only caveat.,warp9racing.com
2-0-fork,fork,front,,2.0 fork,,,,,,"junk: unnamed generic 2.0 fork placeholder, not a specific SKU",suspension
ext-ferro-fork-for-light-bee-and-talaria-sting,fork,front,EXT,EXT Ferro Fork (for Light Bee & Talaria Sting),https://chargedcycleworks.com/products/ext-ferro-fork-for-surron-talaria,,,,"- 36 mm hard-chromed 42CrMo4 stanchions, Superfinish- 205 mm travel, 44 mm offset- Twin-positive + large negative HS3 air spring | type=Front",,chargedcycleworks.com
ext-ferro-fork-plus-arma-mx-shock-bundle,fork,front,EXT,EXT Ferro Fork + Arma MX Shock BUNDLE,https://tbelectricmoto.com/products/ext-suspension-upgrade-bundle,,,,"USD 36 mm stanchions, HS3 dual-air spring, 205 mm travel, high-flow 3-way hydraulic damping (H/L speed, rebound), boost-compatible axle, ~9.9 lb weight | type=Front",,tbelectricmoto.com
ext-ferro-fork-for-surron-talaria,fork,front,EXT,EXT Ferro Fork for Surron/Talaria,https://chargedcycleworks.com/products/ext-ferro-fork-for-surron-talaria,,,,"- 36 mm hard chromed 42CrMo4 stanchions, 205 mm travel, 44 mm offset, ~4 kg | type=Front",,suspension
fastace-fork-custom-tuned-for-surron-talaria,fork,front,FastAce,FastAce Fork (custom tuned) for Surron/Talaria,https://chargedcycleworks.com/products/fastace-fork-for-surron-talaria-segway,899,,,- Stock FastAce upgraded- Fits OEM steering & fender | type=Front,,chargedcycleworks.com
fastace-gravitee-ahx12rv-plus-warp-9-triple-clamps-bundle,fork,bundle,FastAce,FastAce Gravitee AHX12RV + Warp 9 Triple Clamps Bundle,https://chargedcycleworks.com/products/fastace-gravitee-ahx12rv-warp-9-triple-clamps-suspension-bundle,899,,,• 60 lb spring for 175-220 lb riders• Uses 5 wt Motul synthetic oil• 18-step high & low-speed compression damping• SKF seals & custom laser height etching | type=Front,,suspension
kke-35-mm-upgraded-5-5-version-front-fork,fork,front,KKE,KKE 35 mm Upgraded 5.5 Version Front Fork,https://chargedcycleworks.com/products/kke-35mm-upgraded-5-5-version-front-suspension-fork-fit-surron-light-bee-e-ride-pro-ss-talaria-sting-mx3-mx4-r-collective,699,,,"• 35 mm stanchions• Coil spring (50 lb per or unspecified) • Typical travel ~? (not listed) | • Adjustable compression, rebound & preload• SKF seals; gold & black finish• Emphasizes precision handling and durability (gritshift.com) | type=Front",,suspension
kke-37-mm-aluminum-front-fork-suspension-kit,fork,front,KKE,KKE 37 mm Aluminum Front Fork Suspension Kit,https://chargedcycleworks.com/products/kke-37mm-aluminum-front-fork-suspension-kit-fit-surron-light-bee-e-ride-pro-ss-talaria-sting-mx3-mx4-r-collective,799,,,• 37 mm hard-anodized aluminum stanchions• 210 mm travel; 750 mm axle-to-crown• Weight ~5.3 kg (with triple clamps)• Coil spring 23 lb per leg (46 lb total) | type=Front,,suspension
kke-37-mm-closed-cartridge-performance-fork-ultra-bee-v6-0,fork,front,KKE,KKE 37 mm Closed Cartridge Performance Fork (Ultra Bee V6.0),https://chargedcycleworks.com/products/kke-37mm-closed-cartridge-performance-suspension-fork-for-surron-ultra-bee-version-6-0,899,,,"• Length: 850 mm• Travel: 235 mm• Weight: 6.3 kg (no triple clamp)• Stanchion: 37 mm alloy• Axle Size: 20×24 mm• Spring: 22 lbs per leg (floating 60 lbs total)• Adjustment Range: ±2 on 18-step knobs• Outer: 7050-T6 alloy, DLC/coating• Dropo | type=Front",,suspension
kke-upgraded-front-fork-suspension-for-surron-ultra-bee,fork,front,KKE,KKE Upgraded Front Fork Suspension for Surron Ultra Bee,https://chargedcycleworks.com/products/kke-front-fork-suspension-fit-surron-ultra-bee-2023-2024-collective,649,,,Fork tubes (to be installed into your existing triple clamps) | type=Front,,suspension
kke-upgraded-kke-suspension-forks-light-bee-version-gold,fork,front,KKE,Upgraded KKE Suspension Forks (Light Bee version) - Gold,https://chargedcycleworks.com/products/upgraded-kke-suspension-forks-for-surron-light-bee,949,,,"Nearly identical to Ultra Bee version:• Length: 850 mm• Travel: 235 mm• Specs match above (6.3 kg, 37 mm, etc.) | type=Front",,suspension
rfloxa-fcg31rvp-pro-fork,fork,front,RFloXa,RFloXa FCG31RVP PRO Fork,https://www.rflo-xa.com/products/rfloxa-hawk31pro-fcg31rvp-pro-228mm-travel-front-fork-for-surron-talaria-sting-light-bee-eridepross-spring-preload,,,,"- 37 mm stanchions, 750-800 mm center length, 203-228 mm travel- Caliper spacing 74 mm, 203 mm disc compatible | type=Front",,rflo-xa.com
rfloxa-hawk31-max-wide-fork,fork,front,RFloXa,RFloXa Hawk31 MAX (Wide) Fork,https://www.rflo-xa.com/products/rfloxa-hawk31-max-front-fork-for-surron-talaria-sting-spring-preload-high-and-low-speed,,,,"- 37 mm stanchions, 228 mm travel, 162 mm clamp width- Caliper spacing 74 mm, supports 203/220 mm discs | type=Front",,rflo-xa.com
sirris-f43-fork-for-surron-ultra-bee,fork,front,Sirris,Sirris F43 Fork for Surron Ultra Bee,https://chargedcycleworks.com/products/sirris-f43-fork-for-surron-ultra-bee,3123,,,"- 43 mm USD, 856 mm free length, 246 mm travel, 25 mm offset- Hard-chrome stanchions, 7000-series alloy, sealed cartridge, weighs ~22 lb (10 kg) (chargedcycleworks.com) | type=Front",,suspension
ebmx-xlb-60-core,motor,mid-drive,EBMX,XLB-60 CORE,https://www.ebmx.com/xlb-60-core,,available,48-104V,87KV; 41kW rated air-cooled; NJDC 605 encoder,"Official: SurRon Light Bee, Talaria xXx, Eride Pro SS (harness adapters). Darwin also lists Talaria X3 and E Ride Pro S/SS 2.0. X-9000 V2/V3 only.",ebmx.com
ebmx-xlb-60-race,motor,mid-drive,EBMX,XLB-60 RACE,https://www.ebmx.com/xlb-60-race,1249.99,available,48-104V,95KV; 50kW peak air-cooled; NJDC 605 encoder; 10P12S Dual-Y,"Official: SurRon Light Bee, Talaria xXx, Eride Pro SS (harness adapters required). Requires upgraded battery. Tuned for EBMX X-9000.",ebmx.com
ebmx-xub-80,motor,mid-drive,EBMX,XUB-80 Air Cooled Ultra Bee,https://www.ebmx.com/xub-80,,available,48-104V,80mm stator; 85-90KV; 52kW burst / 32kW 2min20s air-cooled; encoder,"Official Ultra Bee only. Bigger sibling of XLB-60. AU dealer: X-9000 only, not OEM controller.",ebmx.com
ko-big-block-lbx-x260,motor,mid-drive,KO Moto,Big Block Motor for Surron LBX and Segway 260,https://www.ko-moto.com/product-page/62mm-ko-moto-big-block-motor-for-the-surron-lbx-and-segway-260,1199,sold_out,,Big Block; shop title names LBX + Segway 260,Official shop title is the only fitment text (product page 404). Do not infer Talaria.,ko-moto.com
ko-factory-spec-surron,motor,mid-drive,KO Moto,Factory Spec Sur-Ron Upgrade Motor,https://www.ko-moto.com/ko-sur-ron-upgrade-motor,1059,sold_out,48-100V,IPM; 35kW peak rating; ~10kg; IP69 hall; stock Sur-Ron mounts,Official: drop-in on stock Sur-Ron mounts; connects to KO controller. Shop listing out of stock.,ko-moto.com
ko-factory-spec-talaria,motor,mid-drive,KO Moto,Factory Spec Talaria Upgrade Motor,https://www.ko-moto.com/product-page/ko-factory-spec-talaria-upgrade-motor-purple,1089,sold_out,48-100V,IPM; 35kW peak; 55Nm@60V; 160x53mm stator; 10kg; 2-hole Sting vs 4-hole Sting R bracket,Official: direct drop-in Talaria. Buyer selects bike type for bracket (Sting 2-hole / Sting R 4-hole).,ko-moto.com
ko-rs-surron,motor,mid-drive,KO Moto,RS Sur-Ron Upgrade Motor,https://www.ko-moto.com/ko-sur-ron-upgrade-motor,849,sold_out,48-100V,Lower KV RS wind; 52Nm@60V; IP69; stock Sur-Ron mounts,Official RS motor for Sur-Ron stock mounts. Shop listing out of stock.,ko-moto.com
torp-tm25,motor,mid-drive,Torp,TM25,https://www.torpmotors.com/torp-motor-tm25-2/,~760 EUR,available,48-120V,IPM; 13kW cont; 27kW@72V / 31kW@80V peak; 85KV; 9.8-10kg; PT1000,Official: developed for SurRon Light Bee; mounting options for other vehicles. Works TC500 (HW 1.3+) and TC1000. Hall or encoder.,torpmotors.com
torp-tm40-pro,motor,mid-drive,Torp,TM40 Pro,https://www.torpmotors.com/torp-motor-tm40-2/,1400,available,,IPM encoder; 50kW peak; 19kW cont; 86Nm; 97KV; 12kg; 65mm magnets,Official: most powerful Light Bee motor. NOT compatible with TC500; needs TC1000. Full bike upgrade (chain/sprocket/brakes/battery) required.,torpmotors.com
torp-tm50-pro,motor,mid-drive,Torp,TM50 Pro,https://www.torpmotors.com/tm50pro-3/,~1310 EUR,available,stock UB / 80V 22S rec,IPM encoder; 58kW peak; 24kW cont; 102Nm; 88KV; 14.2kg; 80mm magnets,Official: SurRon Ultra Bee off-road motor. TC1000 only. Works stock UB battery; 80V 22S recommended.,torpmotors.com
torp-tm50-speed,motor,mid-drive,Torp,TM50 Speed,https://www.torpmotors.com/tm50pro-3/,~1310 EUR,available,stock UB / 80V 22S rec,IPM encoder; 55kW peak; 24kW cont; 89Nm; 97KV; 13000 RPM,Official: SurRon Ultra Bee road/speed motor. Same page as TM50 Pro. TC1000 only.,torpmotors.com
metal-case-for-sw102-display,other,,,Metal Case for SW102 Display,https://chargedcycleworks.com/products/metal-case-for-sw102-display-display-not-included,40,In stock; MOQ is 1 unit,N/A (passive case),Voltage Range: N/A (passive case) | Compatible Motors: Fits SW102 display (sold separately) used on X-9000 systems,,controllers
charged-fork-install-kit,other,kit,Charged,Charged Fork Install Kit,https://chargedcycleworks.com/products/fork-install-kit-for-surron-talaria,,,,Bearings and parts for installing forks; exact contents not detailed in snippet | type=Front,,suspension
charged-fork-seal-service-fix-leaking-seals,other,seal,Charged,Charged Fork Seal Service (Fix Leaking Seals),https://chargedcycleworks.com/products/fork-seal-service-fix-leaking-seals,225,,,"SKF low-friction seals, choice of 5 wt/7 wt/10 wt Maxima fork fluid, full disassemble & clean | type=Front",,suspension
ebmx-battery-lid-extension-kit-clean-up-kit,other,accessory,EBMX,EBMX Battery Lid Extension Kit (Clean-Up Kit),https://chargedcycleworks.com/products/ebmx-battery-lid-extension-kit-clean-up-kit,55,In stock (~US $35),-,,,chargedcycleworks.com
ebmx-x-9000-bluetooth-module,other,,EBMX,EBMX X-9000 Bluetooth Module,https://chargedcycleworks.com/products/x-9000-bluetooth-module-1,50,In stock; MOQ: 1 unit,N/A,Compatible Motors: EBMX X-9000 controller,,controllers
ebmx-x-9000-controller-1-2-harness-for-bc351-color-display-v2,other,,EBMX,EBMX X-9000 Controller 1-2 Harness for BC351 Color Display (V2),https://chargedcycleworks.com/products/ebmx-x-9000-controller-1-2-harness-for-bc351-color-display,,In stock (available for immediate purchase). MOQ: 1 unit,48-93 V,Voltage Range: 48-93 V | Peak Phase Current: 1000 A cont / 1500 A burst | Max Power Output: ~60 kW input | Compatible Motors: Works with E-Ride Pro S / SS 2.0 V2 controllers and compatible with Sur-Ron models via full kit,,controllers
ebmx-x-9000-controller-case-for-bc351-display,other,,EBMX,EBMX X-9000 Controller Case for BC351 Display,https://chargedcycleworks.com/products/ebmx-x-9000-controller-case-for-bc351-display-display-not-included,55,In stock; MOQ: 1 unit,48 V-93 V,Voltage Range: 48 V-93 V | Peak Phase Current: 1000 A cont. / 1500 A burst | Max Power Output: Battery current max 500 A | Compatible Motors: BC351 display (works with EBMX X-9000 controller),,controllers
ebmx-x-9000-controller-race-harness-for-ultra-bee-v2,other,,EBMX,EBMX X-9000 Controller Race Harness for Ultra Bee (V2),https://chargedcycleworks.com/products/x-9000-controller-race-harness-for-ultra-bee,100,In stock - MOQ: 1,48 V-110 V,Voltage Range: 48 V-110 V | Peak Phase Current: Same as X-9000 specs | Max Power Output: 50 kW continuous | Compatible Motors: Fits EBMX X-9000 V2 Controllers on Surron Ultra Bee; disables OEM display/light features,,controllers
ebmx-x-9000-e-ride-pro-sr-installation-kit-v3,other,,EBMX,EBMX X-9000 E-Ride Pro SR Installation Kit V3,https://chargedcycleworks.com/products/ebmx-x-9000-e-ride-pro-sr-installation-kit-v3,189,Out of stock - MOQ 1,Not listed,Voltage Range: Not listed | Peak Phase Current: Presumably same as above | Max Power Output: Not listed | Compatible Motors: V3 EBMX X-9000 + E-Ride Pro SR motor,,controllers
ebmx-x-9000-e-ride-pro-v3-power-loom,other,,EBMX,EBMX X-9000 E-Ride Pro V3 Power Loom,https://chargedcycleworks.com/products/x-9000-eride-pro-v3-power-loom,57,Sold out - MOQ: 1,48 V-110 V (rated 120 V),"Voltage Range: 48 V-110 V (rated 120 V) | Peak Phase Current: 1000 A cont., 1600 A burst | Max Power Output: 50 kW continuous | Compatible Motors: Compatible with EBMX X-9000 Controllers V2; required for updated ProSS 3.0 battery systems (chargedcycleworks.com)",,controllers
ebmx-x-9000-programming-cable,other,,EBMX,EBMX X-9000 Programming Cable,https://chargedcycleworks.com/products/ebmx-x-9000-programming-cable-copy,69,In stock; MOQ is 1 unit,48-93 V,Voltage Range: 48-93 V | Peak Phase Current: 1500 A (burst) | Max Power Output: ~46.5 kW (93 V × 500 A) | Compatible Motors: Works with X-9000 controller,,controllers
ebmx-x-9000-talaria-xxx-harness-brackets-plus-bashguard,other,,EBMX,EBMX X-9000 Talaria XXX Harness Brackets + Bashguard,https://chargedcycleworks.com/products/x-9000-talaria-xxx-harness-brackets-bashguard-excludes-controller,100,In stock; MOQ is 1 unit,N/A (mechanical),Voltage Range: N/A (mechanical) | Peak Phase Current: N/A (mechanical) | Compatible Motors: For Talaria XXX; choose V2 or V3 X-9000 controller,,controllers
ebmx-xlb-60-mount-and-harness-e-ride,other,,EBMX,EBMX XLB-60 Mount & Harness (e-Ride),https://chargedcycleworks.com/products/ebmx-xlb-60-mount-and-harness-set-for-e-ride,50,Sold out; MOQ typically 1 unit,48 V - 104 V,"Voltage Range: 48 V - 104 V | Peak Phase Current: 900 A | Max Power Output: 35 kW (≈47 hp) | Compatible Motors: E-Ride Pro series (E-Ride Pro,Mini,S,SS,SR)",,controllers
ebmx-xlb-60-mount-bashguard-and-harness-light-bee,other,,EBMX,"EBMX XLB-60 Mount, Bashguard & Harness (Light Bee)",https://chargedcycleworks.com/products/ebmx-xlb-60-mount-bashguard-and-harness-set-for-light-bee,50,Sold out; MOQ typically 1 unit,48 V - 104 V,"Voltage Range: 48 V - 104 V | Peak Phase Current: 900 A | Max Power Output: 35 kW (≈47 hp) | Compatible Motors: Surron Light Bee S/X,Ultra Bee; Talaria X3/MX3/MX4/MX5; Ventus One/One +; Zero XB/XE (chargedcycleworks.com,chargedcycleworks.com)",,controllers
ebmx-yss-spring-for-ebmx-shock,other,,EBMX,EBMX YSS Spring for EBMX Shock,https://chargedcycleworks.com/products/ebmx-yss-spring-for-ebmx-shock,200,,,"Available Spring Rates: 70 N·m, 80 N·m, 90 N·m, 100 N·m, 115 N·m, 125 N·m- Compatible with EBMX shocks- Rider weight and swing arm length affect spring selection- Sizing guide: • Stock swing arm (65-75 kg): 80 N/mm • Stock swing arm (85-95  | type=Rear",,suspension
ebmx-x-9000-controller-e-ride-pro-harness-plus-mounting-kit-plus-bashguard-v3,other,,EBMX,X-9000 Controller E-Ride Pro Harness + Mounting Kit + Bashguard V3,https://chargedcycleworks.com/products/x-9000-controller-eride-pro-harness-mounting-kit-and-bashguard-v3,189,Low stock (19 units listed); backordered status indicates only ~19 available now. MOQ: 1 unit,"48-110 V (working), ≤120 V max","Voltage Range: 48-110 V (working), ≤120 V max | Peak Phase Current: 1000 A cont / 1600 A burst | Max Power Output: 50 kW continuous | Compatible Motors: Designed for E-Ride Pro S / SS 2.0 (V3 battery connector). Does not fit SS 3.0 or SR models (chargedcycleworks.com)",,controllers
ebmx-x-9000-controller-race-harness-for-light-bee,other,,EBMX,X-9000 Controller Race Harness for Light Bee,https://chargedcycleworks.com/products/x-9000-controller-race-harness-for-light-bee,100,"In stock - sold per unit, no MOQ",48 - 110 V (input 48-120 V),"Voltage Range: 48 - 110 V (input 48-120 V) | Peak Phase Current: 1,600 A burst / 1,000 A cont. | Max Power Output: 50 kW continuous | Compatible Motors: Designed for EBMX X-9000 and EBMX encoder motors; includes hall-motor adaptor",,controllers
ebmx-x-9000-qs138-harness,other,,EBMX,X-9000 QS138 Harness,https://chargedcycleworks.com/products/x-9000-qs138-harness-1,125,In stock - MOQ 1,Not listed,Voltage Range: Not listed | Peak Phase Current: 460 A RMS (≈800 A peak) | Max Power Output: Not listed | Compatible Motors: QS138 70H & 90H (V2 X-9000 controller) (chargedcycleworks.com),,controllers
ext-ferro-brake-adapter-e-ride-pro-3-0-sr,other,,EXT,EXT Ferro Brake Adapter (E-Ride Pro 3.0 / SR),https://chargedcycleworks.com/products/ext-ferro-brake-adapter-for-e-ride-pro-3-0-sr,55,,,• Fits modern E-Ride Pro 3.0 / SR brakes to EXT Ferro front fork• Works with both “Brake 1” and “Brake 2” styles | type=Front,,suspension
ext-spring-for-ext-arma-mx,other,,EXT,EXT Spring for EXT Arma MX,https://chargedcycleworks.com/products/spring-for-ext-arma-mx,155,,,- Replacement spring for EXT Arma MX shock - Available in multiple spring rates - Steel construction - Fits EXT Arma MX only | type=Rear,,suspension
fastace-fork-custom-tune-service,other,service,FastAce,FastAce Fork CUSTOM TUNE SERVICE,https://chargedcycleworks.com/products/fastace-fork-tune-surron-talaria,,,,"Service includes: disassembly, new SKF seals, oil, custom shim stacks, weight-specific springs (50-65 lb-in), upgraded valving, new hub o-rings, fork guard stickers. Turnaround ~2 weeks. Heavy-cleaning or bent forks incur extra charges | type=Front",,suspension
fastace-steering-rubber-bumper,other,,FastAce,FastAce Steering Rubber Bumper,https://chargedcycleworks.com/products/steering-rubber-bumper,10.99,,,Replacement rubber bump stop for FastAce suspension | type=Front,,suspension
kke-replacement-spring-for-rear-shock,other,,KKE,KKE Replacement Spring for Rear Shock,https://www.kkeracing.com/products/kke-rear-absorber-suspension-shock-spring-replacement-for-sur-ron-light-bee-x-electric-dirtbike-650lbs,49.99,,,"'- Length: 180 mm (350-550 lb), 190 mm (650 lb) - Material: 55SiCr steel (350), 7050-T6 aluminum (550/650) - Color: Black or Red - OEM: 450 lb | type=Rear",,kkeracing.com
skf-fork-seal-kit,other,seal,SKF,SKF Fork Seal Kit,https://chargedcycleworks.com/products/skf-fork-seal-kit-for-surron-talaria,39.99,,,Industrial-grade SKF seals with integrated dust & oil lips; kit includes enough for one fork leg. Requires two kits for both legs (chargedcycleworks.com) | type=Front,,suspension
sirris-f43-fork-spring-single,other,spring,Sirris,Sirris F43 Fork Spring (single),https://chargedcycleworks.com/products/sirris-f43-fork-spring-single,36,,,"4.0, 4.4, 4.8, 5.0, 5.4, 5.8 N·m | type=Front",,suspension
sirris-r46-rear-shock-spring,other,,Sirris,Sirris R46 Rear Shock Spring,https://chargedcycleworks.com/products/sirris-r46-rear-shock-spring,95,,,"Available Spring Rates: 75 N·m, 85 N·m, 90 N·m, 95 N·m, 105 N·m, 115 N·m- Designed for Sirris R46 shocks- Recommended to increase spring rate with heavier battery- Requires spring compressor due to short shock length- Max preload: 20 mm | type=Rear",,suspension
surron-ultra-bee-oem-fork-seal-replacement-kit,other,seal,Surron,Surron Ultra Bee - OEM Fork Seal Replacement Kit,https://chargedcycleworks.com/products/ultra-bee-oem-seal-replacement-kit,49,,,2 dust seals & 2 oil seals for stock front fork | type=Front,,suspension
tech-e39-replacement-fork-springs,other,spring,TECH,TECH E39 Replacement Fork Springs,https://chargedcycleworks.com/products/tech-e39-replacement-fork-springs,50,,,"• For fine-tuning TECH E39 front fork• Available in Extra-Soft, Medium, Extra-Hard spring rates | type=Front",,suspension
talaria-factory-fork-tune-charged-cycle-works,other,service,Talaria,Talaria Factory Fork Tune (Charged Cycle Works),https://chargedcycleworks.com/products/talaria-factory-fork-tune,,,,"'- Full rebuild & tune of Talaria Factory forks- Weight-based tuning; 65 lb custom spring option for heavier riders (200 lb+)- Fork lower-leg service, dust wiper seals, damper bleed, spring upgrade, adapter plates, coil installation, bolt u | type=Front",,suspension
torp-surron-light-bee-replacement-wiring-loom,other,,Torp,Torp SurRon Light Bee Replacement Wiring Loom,https://chargedcycleworks.com/products/replacement-wiring-loom-for-surron-light-bee,58,In stock. MOQ: 1 unit,N/A,"Compatible Motors: Compatible with Sur-Ron Light Bee S,X,Ultra Bee,Segway X260,TM25 - supports Torp TC500/TC1000 controllers",,controllers
warp-9-front-fender-adapter-warp-9-steerlock,other,,Warp 9,Front Fender Adapter (Warp 9 Steerlock),https://chargedcycleworks.com/products/front-fender-adapter-warp9,21,,,"• Mounts OEM-style Surron front fender to Warp 9 Steerlock• Not compatible with conventional forks (Fox 40, RST, DVO, etc.) (chargedcycleworks.com, chargedcycleworks.com) | type=Front",,suspension
warp-9-rst-front-fork-axle-titanium,other,axle,Warp 9,Warp 9 RST Front Fork Axle (Titanium),https://chargedcycleworks.com/products/rst-front-fork-axle-warp-9,179,,,- Titanium axle nut resists stripping/breaking OEM nut- Made from 7075-T6 hardened aluminum- Uses OEM 8 mm Allen wrench- Left-hand thread labeled “Left turn reminder”; right-hand thread marked on axle end- Anodized to prevent corrosion- Fit | type=Front,,suspension
wolf-tooth-zero-stack-upper-headset-zs44-28-6,other,,Wolf Tooth,Wolf Tooth Zero Stack Upper Headset ZS44/28.6,https://chargedcycleworks.com/products/zero-stack-upper-headset-zs44-28-6-by-wolf-tooth,,,,"Replaces tall motorcycle-style headset with a slim 6 mm zero-stack unit, reducing head-tube length by 1⁄2′′. Machined from 6061 aluminum with triple-seal design; Premium includes stainless steel Enduro bearings and lifetime warranty (charge | type=Front",,suspension
torp-replacement-plastic-shield-talaria-mx3-mx4,plastics,,Torp,Torp Replacement Plastic Shield (Talaria MX3/MX4),https://chargedcycleworks.com/products/torp-replacement-plastic-shield-for-surron-talaria-mx3-mx4,42,In stock - MOQ 1,N/A,Compatible Motors: Fits Talaria MX3/MX4; compatible with Torp TC500 & TC1000 controllers,,controllers
torp-replacement-plastic-shield-for-surron-light-bee,plastics,,Torp,Torp Replacement Plastic Shield for SurRon Light Bee,https://chargedcycleworks.com/products/torp-replacement-plastic-shield-for-surron-light-bee,43,Out of stock / Sold out; MOQ: 1 unit,N/A,Compatible Motors: Torp TC500 controller on SurRon Light Bee,,controllers
ebmx-rear-shock-for-e-ride-pro,shock,rear,EBMX,EBMX Rear Shock for E-Ride Pro,https://chargedcycleworks.com/products/ebmx-rear-shock-for-eride-pro,989,,,"Spring Rates: 70, 80, 100, 115, 125 N/mmRecommended Rider Weight: 140-165 lb (70-80 N/mm), 165-190 lb (80 N/mm), 190-210 lb (100 N/mm), 210+ lb (100-115 N/mm)Adjustments: High/low-speed compression damping, rebound clickerDesign: Large oil  | type=Rear",,suspension
ext-arma-rear-shock-for-sur-ron,shock,rear,EXT,EXT Arma rear shock for Sur-ron,https://chargedcycleworks.com/products/ext-arma-rear-shock-for-sur-ron,,,,"• 10.5′′ (267 mm) eye-to-eye length• 3.5′′ (≈90 mm) stroke• Includes spring: 400/450/500 lb• Re-designed robust body• Hydraulic bottom-out circuit (HBC)• Tunable LSC, HSC, rebound | type=Rear",,suspension
ext-rea-mx-rear-shock-for-surron-ultra-bee,shock,rear,EXT,EXT Rea MX rear shock for Surron Ultra Bee,https://chargedcycleworks.com/products/ext-rea-mx-rear-shock-for-surron-ultra-bee,,,,"• High-flow main piston• 40 mm damper body• 16 mm shaft• 4-way adjustable: LSC, HSC, LSR, HBC• Built for MX-style stroke (~85-90 mm est.) | type=Rear",,suspension
kke-modified-rear-suspension-shock,shock,rear,KKE,KKE Modified Rear Suspension Shock,https://chargedcycleworks.com/products/kke-brand-new-modified-rear-suspension-shock-for-surron-light-bee-x-2019-2024-collective,,,,- Designed for Light Bee X 2019-2024 - Enhanced rebound and compression - Preset damping - Plug-and-play compatibility | type=Rear,,suspension
kke-performance-upgraded-rear-suspension-shock,shock,rear,KKE,KKE Performance / Upgraded Rear Suspension Shock,https://chargedcycleworks.com/products/kke-performance-upgraded-rear-suspension-shock,249.99,,,No detailed specs listed. Typically mirrors OEM dimensions with upgraded internals. Designed for improved performance with adjustable damping and heavier spring options. | type=Rear,,suspension
rfloxa-rab53rv-rear-shock,shock,rear,RFloXa,RFloXa RAB53RV Rear Shock,https://www.rflo-xa.com/products/rfloxa-rab53rv-rear-shock-for-surron-talaria-sting-light-bee,259,,,"Spring Rates: 450, 550, 600 lb/inRecommended Rider Weight: 450 lb/in (175-200 lb), 550 lb/in (200-250 lb), 600 lb/in (250-300 lb)Adjustments: Rebound damping, high/low-speed compressionDesign: External nitrogen reservoir, oil-gas separation | type=Rear",,rflo-xa.com
sirris-r46-shock-for-surron-ultra-bee,shock,rear,Sirris,Sirris R46 Shock for Surron Ultra Bee,https://chargedcycleworks.com/products/sirris-r46-shock-for-surron-ultra-bee,1000,,,• 46 mm piston• 320 mm eye-to-eye length• 85 mm stroke• 16 mm shaft (5.5 mm ID)• Seamless 6061 aluminum body• Steel spring with piggyback reservoir• Tunable compression and rebound | type=Rear,,suspension
vonkat-tenfive-v2-shock,shock,rear,Vonkat,Vonkat TENfive V2 Shock,https://chargedcycleworks.com/products/vonkat-tenfive-shock-for-surron-talaria-segway,699,,,"Spring Options: 450 lb/in (3.69), 525 lb/in (3.66)Recommended Rider Weight: < 200 lb (450 lb/in), > 200 lb (525 lb/in)Features: Titanium Nitride-coated chromed shaft, spherical rebound bearing, enlarged reservoir and IFP, NOK seals, Fuchs s | type=Rear",,suspension
ebmx-extended-swingarm,swingarm,+60mm,EBMX,Extended Swingarm +60mm,https://chargedcycleworks.com/products/ebmx-extended-swingarm,789,available,,+60mm wheelbase; 7075-T6; 54-58T and 64T sprocket support; 3.5kg,Charged: Light Bee; E Ride Pro S; SS 2.0; CCW Edition SS 3.0/SR. Official EBMX also names Segway X160/X260. Talaria coming soon — do not list. Not Sirris R38. Chain not included.,chargedcycleworks.com
ko-swingarm-surron-plus50,swingarm,+50mm,KO Moto,Swing Arm Upgrade for Sur-Ron,https://www.ko-moto.com/product-page/ko-swing-arm-upgrade-for-sur-ron,749,sold_out,,+50mm vs stock; 6061 CNC; ~2.9kg; stunt pegs + chain protector,Official KO page is Sur-Ron. ECR/Darwin add Segway X160/X260. Not Talaria.,ko-moto.com
skrmod-surron-plus50,swingarm,+50mm,Skrmod,Sur-Ron Super Reinforced 50mm Extended Swingarm,https://skrmod.com/products/sur-ron-swingarm-50mm-extended,,available,,+50mm; slightly wider than stock (~3mm),Official vehicle model: Surron Light Bee X. Page points E-Ride and Talaria to other SKUs. Longer chain required.,skrmod.com
skrmod-talaria-plus50,swingarm,+50mm,Skrmod,Talaria Sting R Swingarm 50mm Extended (Street),https://skrmod.com/products/talaria-sting-r-swingarm-50mm-extended,699,available,,+50mm; 170mm inner vs stock 158mm; 6061-T6; 3.68kg,"Official: Talaria Sting R MX5 Pro, MX4, MX3. Longer chain required. Street version not for high-intensity off-road.",skrmod.com
domino-potentiometer-throttle-plug-and-play-diy,throttle,potentiometer,Domino,Domino Potentiometer Throttle (plug-and-play / DIY),https://chargedcycleworks.com/products/domino-potentiometer-throttle-with-oem-surron-segway-connector,,Out of stock / MOQ not specified,"0-5 kΩ, up to 40 V potentiometer","Voltage Range: 0-5 kΩ, up to 40 V potentiometer | Compatible Motors: Designed for aftermarket controllers (TC1000/TC500/etc.); plug-&-play tailored for Surron Light Bee and Segway/Talaria connectors",,controllers
ebmx-x-9000-thumb-throttle,throttle,thumb,EBMX,X-9000 Thumb Throttle,https://chargedcycleworks.com/products/x-9000-controller-thumb-throttle,35,"In stock - sold per unit, no MOQ",- (per controller),Voltage Range: - (per controller) | Max Power Output: - than controller's spec | Compatible Motors: Compatible with X-9000 via 2-1 cable,,controllers
etm-rtr-oem-throttle-with-grips,throttle,,ETM,ETM RTR OEM Throttle (with grips),https://chargedcycleworks.com/products/etm-rtr-oem-throttle,41,Sold out; MOQ typically 1 unit,72 V,Voltage Range: 72 V | Peak Phase Current: Not listed | Max Power Output: 8 kW | Compatible Motors: ETM RTR models (Surron derivative),,controllers
torp-thumb-throttle-for-regenerative-braking,throttle,thumb,Torp,Torp Thumb Throttle for Regenerative Braking,https://chargedcycleworks.com/products/torp-thumb-throttle-for-regenerative-braking,75,Sold out - MOQ 1 (individual unit only),Not separately rated,Voltage Range: Not separately rated | Peak Phase Current: Not separately rated | Compatible Motors: Torp-compatible controllers (TC series) + other regen-capable systems,,controllers
dunlop-mx33-90-100-16,tire,motocross,Dunlop,Geomax MX33 90/100-16,https://revrides.com/products/dunlop-geo-max-mx33-for-surron-e-ride-pro-talaria-and-more,,available,,90/100-16 51M WT; Dunlop 330228,REVRides e-moto size listing for 16in rear conversions.,revrides.com
dunlop-mx33-70-100-19,tire,motocross,Dunlop,Geomax MX33F 70/100-19,https://revrides.com/products/dunlop-geo-max-mx33-for-surron-e-ride-pro-talaria-and-more,,available,,70/100-19 42M WT; Dunlop 330225,REVRides e-moto size listing. Verify swingarm/fork clearance. Soft-intermediate MX.,revrides.com
dunlop-mx34-100-100-18,tire,motocross,Dunlop,Geomax MX34 100/100-18,https://www.nacstarusa.com/products/dunlop-mx34-tire-package-surron-ultra-bee-18-21,~175,available,,100/100-18 59M TT; Dunlop 640326,Nacstar Ultra Bee 18/21 package rear (alt 110/100-18). Needs 18in wheel.,nacstarusa.com
dunlop-mx34-80-100-21,tire,motocross,Dunlop,Geomax MX34F 80/100-21,https://www.nacstarusa.com/products/dunlop-mx34-tire-package-surron-ultra-bee-18-21,~175,available,,80/100-21 51M TT; Dunlop 640370,Nacstar/Charged sell this size as Ultra Bee 18/21 package front. Needs 21in wheel.,nacstarusa.com
shinko-241-275-19,tire,trial/hybrid,Shinko,SR241 2.75-19 (87-4446),https://revrides.com/products/shinko-241-for-surron-e-ride-pro-talaria-and-more,,available,,2.75-19 43P TT; PN 87-4446,REVRides lists Light Bee / Segway / Talaria Sting / XXX / Eride / 79Bike / Ultra Bee / Rawrr among others. 19in front size. Sold individually.,revrides.com
shinko-241-300-16,tire,trial/hybrid,Shinko,SR241 3.00-16 (87-4441),https://revrides.com/products/shinko-241-for-surron-e-ride-pro-talaria-and-more,,available,,3.00-16 43P TT; PN 87-4441,Same REVRides platform list. 16in rear size used on 19/16 conversions.,revrides.com
rfloxa-max-triple-clamp,triple_clamp,drop crown,RFLoXa,MAX Drop Crown Triple Clamp,https://www.rflo-xa.com/products/rfloxa-max-triple-clamp-for-fastace-ahx12rv-alx13rc-front-fork-for-surron-talaria,,available,,16mm wider; 17mm drop; flange rotor spacer; FastAce AHX12RV/ALX13RC + RFLoXa FCG31/32,"Official: MX3/MX4/MX5, Light Bee, Eride Pro. Talaria lower bearing needs spacer (unlike Surron). Not Volar/Rippin Moto.",rflo-xa.com
rfloxa-max-drop-crown,triple_clamp,,RFloXa,RFLoXa MAX Drop Crown,https://www.rflo-xa.com/products/rfloxa-max-triple-clamp-for-hawk31pro-hawk32-front-fork-for-surron-talaria-sting,230,,,Colored triple clamp (drop crown) for RFLoXa MAX forks; allows color swap of clamp | type=Front,,rflo-xa.com
warp9-fastace-drop-crown,triple_clamp,drop crown,Warp 9,FastAce Drop Crown Triple Clamps,https://warp9racing.com/products/fastace-triple-clamps,439,available,,20mm wider; 1in drop; 220/240mm rotor adapter; SKU S-FASTACECLAMP-1,"Official: MX3/MX4, Light Bee, Eride Pro. FastAce AHX12RV / AHX12RVP / ALX13RC only. Not OEM Talaria factory forks. Not Volar, MX5, or Rippin Moto brake systems. Needs direct bar mount.",warp9racing.com
warp9-steerlock-stem-lock,triple_clamp,headset lock,Warp 9,Stem Lock / Steerlock,https://warp9racing.com/products/stem-lock,39,available,,Full-length steerer rod; fender-mount nut; SKU S-STEERLOCK family,"Official tags: Light Bee, Segway, Sting MX3, Sting R-MX4, XXX, Falcon M/S. 79Bike Falcon S needs Warp 9 bar clamps. TB Electric dealer list also names MX5, XXX Pro, E-Ride SS 1/2/3, SR, X260.",warp9racing.com
ion-18-21-surron-lbx,wheel,18/21 set,ION,Surron Light Bee 18/21 Wheelset,https://chargedcycleworks.com/products/ion-surron-light-bee-18-21-wheelset,599,available,,21x1.60 36H F / 18x1.85 36H R; 6082-T6 hub; 7050-T6 rim,Charged fitment: Surron Light Bee only. Dished for moto tires without rub.,chargedcycleworks.com
kke-19-16-excel-surron-eride,wheel,19/16 Excel set,KKE,16/19 Wheels w/ Excel Takasago Rims (no tires),https://chargedcycleworks.com/products/kke-19-16-e-moto-wheels-excel-takasago-rims-fit-surron-light-bee-x-e-ride-pro-ss-collective,869,available,,1.6x19 F / 1.85x16 R; 6082-T6 hub; 7050-T6 Excel rims,"Charged fitment: Light Bee S/X, E Ride Pro S, E Ride Pro SS 2.0, Ventus One. Ventus Plus needs OEM LBX front spacers.",chargedcycleworks.com
kke-19-16-talaria,wheel,19/16 set,KKE,Talaria 16/19 Billet Wheel Set,https://gritshift.com/products/kke-racing-16-19-billet-upgraded-wheel-set,,available,,1.6x19 F / 1.85x16 R; 6082-T6 hub; 10g spokes,"GritShift fitment: Talaria Sting MX3, MX4, XXX. PSM Excel variant same Talaria list.",gritshift.com
kke-18-21-ultra-bee,wheel,18/21 set,KKE,Ultra Bee 18/21 Complete Wheel and Tire Combo,https://chargedcycleworks.com/products/18-21-wheel-and-tire-combo-for-ultra-bee,979,available,,21x1.6 F / 18x2.15 R; MX34 80/100-21 + 100/100-18 option,Charged: Ultra Bee only. Notes Ultra Bee is ~20% larger than Light Bee so 18/21 suits it better than stock 19/19.,chargedcycleworks.com
warp9-18-21-surron-eride,wheel,18/21 set,Warp 9,Light Bee / Eride / 79Bike 18/21 Complete Wheel & Tire Combo,https://chargedcycleworks.com/products/18-21-complete-wheel-tire-combo-warp9-for-surron-segway,1249,sold_out,,21 F / 18 R; MX33 70/100-21 + 90/100-18; 60T; 220mm MTB-spacing rotors,"Charged: LBX and E-Ride Pro S need 220mm adapters. Also E-Ride Pro SS 1.0/2.0, Falcon 79, Ventus One, Zero XB. NOT Talaria. 21in fork clearance required.",chargedcycleworks.com
warp9-17x250-lbx-eride-79bike,wheel,17 supermoto set,Warp 9,Light Bee / Eride Pro / Ventus / 79Bike Falcon 17x2.50 Wheel Set,https://warp9racing.com/products/surron-light-bee-eride-pro-s-ss-2-0-ventus-79-bike-falcon-19-16-wheel-set-copy-1,799,available,,17x2.50 front and rear; SKU S-X1720F.2-02/S-X1720R.2-02,Same platform list as 19/16 LBX/Eride set. Optional 220mm rotor + sprocket.,warp9racing.com
warp9-19-16-lbx-eride-79bike,wheel,19/16 set,Warp 9,Light Bee / Eride Pro / Ventus / 79Bike Falcon 19/16 Wheel Set,https://warp9racing.com/products/lbx-eride-pro-19-16-wheel-set,619,available,,19x1.60 front / 16x1.85 rear; OEM rotor/sprocket bolt pattern,"Official: SurRon Light Bee X, E Ride Pro S / SS / 2.0, Ventus One / One+, 79Bike Falcon. Not Talaria (separate SKU).",warp9racing.com
warp9-18-21-talaria,wheel,18/21 set,Warp 9,Talaria 18/21 Complete Wheel & Tire Combo,https://chargedcycleworks.com/products/18-21-complete-wheel-tire-combo-warp-9-for-talaria,,available,,21 F / 18 R; MX33 70/100-21 + 90/100-18; 60T; 220mm rotors,Charged: Talaria MX3 and MX4. NOT compatible with Surron or E-Ride (voids warranty if adapted). 21in needs 27.5/29 class fork; most 26in forks no.,chargedcycleworks.com
warp9-19-16-talaria-xxx-mx3-mx4,wheel,19/16 set,Warp 9,Talaria XXX/MX3/MX4 19/16 Wheel Set,https://warp9racing.com/products/surron-light-bee-eride-pro-s-ss-2-0-ventus-79-bike-falcon-19-16-wheel-set-copy,644,available,,19x1.60 F / 16x1.85 R; SKU T-S1922F/T-S1622R,"Official title/body: specifically spec'd for Talaria XXX/MX3/MX4. Not MX5, not Surron.",warp9racing.com
warp9-16-19-ultra-bee,wheel,16/19 set,Warp 9,Ultra Bee 16 rear or 16/19 Wheelset,https://chargedcycleworks.com/products/16-rear-wheel-and-16-19-wheelset-for-surron-ultra-bee,795,available,,19x1.60 F / 16x1.85 R; 240mm rotors; 50T rear,Charged: shortens Ultra Bee vs stock 19/19. Reuse OEM rear traction-control ring.,chargedcycleworks.com
warp9-17-supermoto-ultra-bee,wheel,17 supermoto set,Warp 9,Ultra Bee 17in Supermoto Wheelset,https://chargedcycleworks.com/products/17-supermoto-wheelset-for-surron-ultra-bee,1483,sold_out,,17x3.5 F / 17x4.25 R; Michelin Pilot Power 2CT 110/70-17 + 150/60-17; 260mm F / 240mm R,Charged: street supermoto wheelset for Surron Ultra Bee only. 44T sprocket.,chargedcycleworks.com
warp9-18-21-ultra-bee,wheel,18/21 set,Warp 9,Ultra Bee 18/21 Wheelset,https://chargedcycleworks.com/products/ultra-bee-18-21-wheel-and-tire-combo-warp9,1095,available,,21x1.6 F / 18x1.85 R; 240mm rotors; 50T sprocket; Warp9 18/21 traction-control rings,Charged: Ultra Bee only. Traction rings included so OEM TC works at 18/21 (OEM rings need same tire diameter).,chargedcycleworks.com
