vehicle_id,brand,model,category,year,price_usd,product_url,voltage_v,battery_ah,peak_kw,rated_kw,top_speed_mph,range_mi,weight_kg,wheelbase_mm,front_suspension,rear_suspension,controller,frame,regen,colors,warranty,notes,data_quality,source
can-am-outlander-electric,Can-Am,Outlander Electric,e-atv,2026,12999,https://can-am.brp.com/off-road/us/en/models/atv/utility-rec/outlander-electric.html,,,35,20,50,50,398,1345,Double A-arm 9.75 in (248 mm),Double A-arm 10.25 in (260 mm),,,,White; Granite Grey; Dark Wildland Camo,Battery 5 years (12427 miles); motor 1-year; vehicle 1-year,World first mass-produced e-ATV. 8.9 kWh. 47 hp / 53 lb-ft. High gear 50 mph / low 28 mph. Range up to 50 mi (avg utility 31 mi). Dry weight 875 lb from 2026 spec PDF. Current site also lists 2027 MY from $13249. Outlander MAX Electric 2-up from $14549.,verified,https://can-am.brp.com/off-road/us/en/models/atv/utility-rec/outlander-electric.html
cfmoto-uforce-u6-ev,CFMOTO,UFORCE U6 EV,e-utv,2025,,https://cfmoto.eu/side-by-side/uforce-u6-e/,300,,35,,50,68,680,1950,Dual A-arm independent coil/oil,Dual A-arm independent coil/oil,,,yes,Metallic Grey,2-year vehicle; 5-year unlimited km battery,"Official AU: 35 kW PMSM, 74 Nm, 15.2 kWh nominal (flyer 300V/15.29 kWh), 80 km/h, 110 km at 30-40 km/h, wet 680 kg. AU ride-away $24490 — not converted to USD. EU listings from about EUR 16990. US retail availability not confirmed on this page.",verified,https://cfmoto.eu/side-by-side/uforce-u6-e/
polaris-ranger-xp-kinetic-premium,Polaris,RANGER XP Kinetic Premium,e-utv,2024,,https://www.polaris.com/en-us/off-road/ranger/models/ranger-xp-kinetic/ranger-xp-kinetic-premium-icy-white-pearl-specs/,,,82,,,45,796,2060,Dual A-Arm 10 in (254 mm),Dual A-Arm IRS 10 in (254 mm),,,yes,Icy White Pearl; Polaris Pursuit Camo,,"Official archive spec: 14.9 kWh Li-ion, 110 HP IPM AC motor (82 kW), 140 lb-ft, 45 mi estimated range at 25 mph with 250 lb cargo. Dry 1754 lb. 3-seat. Still the current Kinetic Premium datasheet on polaris.com. USD MSRP not on spec page.",verified,https://www.polaris.com/en-us/off-road/ranger/models/ranger-xp-kinetic/ranger-xp-kinetic-premium-icy-white-pearl-specs/
polaris-ranger-xp-kinetic-ultimate,Polaris,RANGER XP Kinetic Ultimate,e-utv,2025,,https://www.polaris.com/en-us/off-road/ranger/2024/3-seat/ranger-xp-kinetic/ranger-xp-kinetic-ultimate-icy-white-pearl-2024/,,,82,,,80,,,Dual A-Arm,Dual A-Arm IRS,,,yes,Icy White Pearl; Polaris Pursuit Camo,,"Official Polaris: 29.8 kWh Li-ion, 110 HP / 140 lb-ft, up to 80 mi, 6 kW onboard charger, 7-in Ride Command. Same 110 HP family as Premium. Dry weight not on the fetched official family page (third-party 1982 lb not used). | URL updated 2026-08-20 to live official/official-dealer page.",verified,https://www.polaris.com/en-us/off-road/ranger/2024/3-seat/ranger-xp-kinetic/ranger-xp-kinetic-ultimate-icy-white-pearl-2024/
volcon-hf1,Volcon,HF1,e-utv,2026,,https://volcon.com/products/hf1-dealer,,,,,50,50,,,,,,,,White,,Official current Volcon performance e-UTV (Stag/Grunt pages no longer current). Official: 17.5 kWh; 50+ mph; 50+ mi at 25 mph; 2WD/4WD. USD MSRP not on OEM page (dealers list $29999; not used). Voltage/kW not on OEM spec block.,verified,https://volcon.com/products/hf1-dealer
evoque-streetster-r,Evoque,Streetster R,ebike,,3799,https://ebikes.evoqueca.com/products/evoque-streetster-r-motorcycle-style-e-bike,72,30,,,32,180,200,1350,33-core hydraulic fork,Central hydraulic rear,Advanced controller,Brushless hub motor,High-torque hub motor,"""17"""" tubeless anti-skid tires""","Carbon Grey, Black",,verified,bikes-csv
happyrun-g100-pro,HappyRun,G100 Pro,ebike,2025,,https://happyrunbike.com/products/happyrun-g100-pro,72,33,6,3,50,78,,,Adjustable aluminum alloy fork,,,High-strength carbon steel,,,2-year (dealer listing),"Fat-tire dual-battery e-moto-style bike, not a Sur-Ron-class mid-drive. Official: 3000W / 6000W peak, 72V 18Ah+15Ah, 50 mph, 78 mi. Weight 159 lb from a reseller — not used. Skip G60 (lower-power).",messy,https://happyrunbike.com/products/happyrun-g100-pro
segway-xyber,Segway,Xyber,ebike,2025,3299,https://www.segway.com/ebike/products/xyber.html,48,30,6,0.75,35,112,63,,110 mm wheel travel,100 mm wheel travel,,Aluminum alloy / cast double-cradle,,,,"CES 2025 e-bike / LEV, not a mid-drive dirt bike. Official/PR: 48V 30Ah 1440 Wh per battery; 3000W peak 1-battery / 6000W 2-battery; 35 mph; 56 / 112 mi; 138 lb one battery. MSRP $2999.99-$3299.99. Off-road unclassified; Class 2 version was planned. Pedals + throttle.",verified,https://www.prnewswire.com/news-releases/segway-releases-details-and-opens-pre-orders-on-highly-anticipated-e-bikes-302343685.html
super73-r-adventure,Super73,R Adventure,ebike,,3995,https://super73.com/collections/adventure-series,48,20,,0.75,20,55,88,1785,Inverted fork,Piggyback mono­shock,Hub motor,Aluminum,No,Black/Sand,1 yr,,verified,bikes-csv
super73-s-adventure,Super73,S Adventure,ebike,,2499,https://super73.com/products/super73-s-adventure-series,48,20,1.5,0.75,20,75,80,1785,Front only,Rigid rear,Hub motor,Aluminum,No,Black/White,1 yr,,verified,bikes-csv
79bike-falcon-pro,79Bike,Falcon Pro,emoto,,3799,https://79bike.com/products/79bike-falcon-pro,72,35,10,10,56,75,130,1250,Susp FASTACE,Susp FASTACE,Sine-180A,Aluminum,Yes,Black/White,1 yr,,verified,bikes-csv
altis-sigma-mx,Altis,Sigma MX,emoto,,5299,https://www.altispowersports.com/products/altis-sigma,98,35,23,,64,50,185,1285,200 mm air,85 mm linkage,450 A phase,Aluminum,Yes,Black,1 yr,,verified,bikes-csv
amped-drill-one-enduro,Amped,Drill One Enduro,emoto,,10500,https://ampedbikes.com/products/drill-one-enduro,52,42,15,15,56,3,115,1220,Classic forks/Manitou,Mono-shock,Advanced controller,Aluminum,Yes,"Black/Sand,Green,Grey",1 yr,Brand column 'Altis' != inferred 'Amped'; Model column 'XXX' != inferred 'Drill One Enduro',messy,bikes-csv
arctic-leopard-xe-800,Arctic Leopard,XE 800,emoto,,7999,https://arcticleopard.eu/en/model/cheetah-e-xe-800/,74,75,27,27,62,60,180,1320,240 mm USD,210 mm multilink,FOC sine wave,Forged aluminum alloy,"Yes, multi-gear",Multiple finishes,12 mo,URL updated 2026-08-20 to live official/official-dealer page.,verified,https://arcticleopard.eu/en/model/cheetah-e-xe-800/
arctic-leopard-xe-pro-s,Arctic Leopard,XE Pro S,emoto,,5450,https://creatureracing.com/shop/products/2026-arctic-leopard-xe-pro-s,72,55,20,20,63,50,,1300,37 mm USD 202 mm stroke,210 mm adjustable mono,FOC PMSM,Forged aluminum alloy,Yes,Standard colors,12 mo,garbled weight 72159.0 | URL updated 2026-08-20 to live official/official-dealer page.,messy,https://creatureracing.com/shop/products/2026-arctic-leopard-xe-pro-s
arctic-leopard-xf,Arctic Leopard,XF,emoto,,3699,https://arctic-leopard-usa.com/products/arctic-leopard-xf,72,35,12,12,60,50,,1300,37 mm USD 202 mm stroke,210 mm adjustable mono,FOC PMSM,Forged aluminum alloy,Yes,Standard colors,12 mo,garbled weight 72159.0,messy,bikes-csv
bmw-ce-02,BMW,CE 02,emoto,2025,7599,https://www.bmwmotorcycles.com/en/models/urban_mobility/ce02.html,,,11,,59,59,132,,,,,,,,,Official US BMW Motorrad 2025 CE 02 eParkourer. Base MSRP $7599. US page estimated range up to 59 miles; from 290 lb. 11 kW variant used (EU press also lists 4 kW / 45 km/h AM version not added). Full voltage/Ah table not captured (page fetch timeout).,messy,https://www.bmwmotorcycles.com/en/models/urban_mobility/ce02.html
braxx-gt,BRAXX,GT,emoto,,4299,https://shop.braxxusa.com/,72,38,8,4,65,60,95,1320,USD fork 41 mm,Mono-shock,FOC Vector Control,Aluminum Alloy,Yes,"Black,Red",1 yr,URL updated 2026-08-20 to live official/official-dealer page.,verified,https://shop.braxxusa.com/
braxx-gt-pro,BRAXX,GT PRO,emoto,,4799,https://shop.braxxusa.com/,72,38,15,8,75,60,90,1300,Adjustable sport,Mono-shock,FOC Vector Control 80 A,Aluminum Alloy,Yes,"Black,Red",1 yr,URL updated 2026-08-20 to live official/official-dealer page.,verified,https://shop.braxxusa.com/
black-tea-bonfire-e,Black Tea,Bonfire E,emoto,,4800,https://www.blackteamotorbikes.com/,52,35,5,3,80,75,86,1300,31 mm hydraulic fork,"Dual shocks,335 mm",Sine-wave BLDC,"Aluminum fork, dual shocks",Yes,"Black,Grey,Black/White,Yellow",1 Year Standard,,verified,bikes-csv
black-tea-bonfire-s,Black Tea,Bonfire S,emoto,,5300,https://www.blackteamotorbikes.com/collections/frontpage,52,35,5.4,3,85,75,86,1300,31 mm hydraulic fork,"Dual shocks,335 mm",Sine-wave BLDC,"Aluminum fork, dual shocks",Yes,"Black/Sand,Green",1 Year Standard,,verified,bikes-csv
black-tea-bonfire-x,Black Tea,Bonfire X,emoto,,6000,https://www.blackteamotorbikes.com/products/bonfirex,104,35,8,5,50,55,125,1300,31 mm hydraulic fork,"Dual shocks,335 mm",Sine-wave BLDC,Steel tube frame,Yes,"Black,Red",1 Year Standard,,verified,https://www.blackteamotorbikes.com/products/bonfirex
bonnell-805,Bonnell,805,emoto,,10500,https://ridebonnell.com/products/bonnell-emoto-805-902?variant=50609440489788,110,,42,30,80,70,211,1350,Sirris 245 mm,Sirris 245 mm,6-axis IMU,Aluminum Alloy,Yes,Multiple,-,,verified,bikes-csv
bonnell-902,Bonnell,902,emoto,,12000,https://ridebonnell.com/products/bonnell-emoto-902-805?variant=50609428693308,87,,65,46,90,,211,1350,Sirris 285 mm,Sirris 285 mm,6-axis IMU,Aluminum Alloy,Yes,Multiple,-,,verified,bikes-csv
cake-bukk,CAKE,Bukk,emoto,,,https://ridecake.com/en/p/bukk,,,16,,,,89,,,,,Forged 6061 aluminum,Motor brake (app-adjustable),,,Official CAKE product page still live. Peak 16 kW; wheel torque 456 Nm; 2.9 kWh removable battery; street-legal optional. USD price not on current page. Availability/configurator status not confirmed beyond official listing.,messy,https://ridecake.com/en/p/bukk
cake-kalk,CAKE,Kalk,emoto,2024,,https://ridecake.com/en/p/kalk,,,11,,56,,,,CAKE / Ohlins depending on variant,,,,,,,"Official page lists peak 10/11 kW, wheel torque 280/252 Nm, top speed +90 km/h, weight 69-83 kg, off-road or street-legal A1. EST shipping Fall 2024. Variant-dependent; voltage/Ah/price not on landing page. Peak listed as 11 (upper official figure).",messy,https://ridecake.com/en/p/kalk
cake-makka,CAKE,Makka,emoto,2025,,https://ridecake.com/en/p/makka,,31,2.8,,28,68,70,,,,FOC,,yes,,,"Utility/commuter platform still sold. Official: top 25/45 km/h, range 54-110 km, peak 1/2.8 kW, weight 70/82 kg. Standard battery 31Ah / 1.5 kWh; XL 62Ah / 3.0 kWh. Row uses Flex-class 45 km/h / 2.8 kW and standard 31Ah; range 110 km max. Street legal.",messy,https://ridecake.com/en/p/makka
cake-osa,CAKE,Osa+,emoto,2025,,https://ridecake.com/en-US/p/osa,,,9,,56,68,87,,,,,,yes,,,"Osa+ motorcycle version: official +56 mph, up to 68 miles, 3.5 kWh, 5/9 kW, 192-215 lb (87-98 kg). Osa flex is 28 mph / 57 mi / 2.5 kWh. Street legal. Voltage/Ah not listed as simple pack V/Ah.",messy,https://ridecake.com/en-US/p/osa
can-am-origin,Can-Am,Origin,emoto,2026,11499,https://can-am.brp.com/on-road/us/en/models/motorcycles/dual-sport/origin.html,,,35,20,80,90,187,1503,KYB 43 mm inverted 255 mm,KYB HPG adjustable 255 mm,,,yes,Bright White; Carbon Black,2 years vehicle; 5 years battery / 31068 miles,ROTAX E-POWER liquid-cooled. 8.9 kWh. 47 hp peak / 27 hp continuous. City 90 / combined 71 mi. Dry weight 412 lb (187 kg). Active + passive regen. Origin '73 from $13499.,verified,https://can-am.brp.com/on-road/us/en/models/motorcycles/dual-sport/origin.html
can-am-pulse,Can-Am,Pulse,emoto,2026,10999,https://can-am.brp.com/content/dam/global/en/can-am-on-road/my26/documents/2-wheels/lr/ONRD-2WV-MY26-PULSE-SPEC-Page-ENNA-LR.pdf,,,35,20,80,100,177,1412,5.5 in (140 mm),SACHS twin-tube coil-over 5.5 in (140 mm),,,yes,Bright White; Carbon Black,,"Official 2026 Pulse spec sheet. ROTAX E-POWER 47 hp peak / 27 hp continuous. 8.9 kWh. City 100 / combined 80 / 55 mph sustained 55 mi. Curb 390 lb. Street naked, not dirt.",verified,https://can-am.brp.com/content/dam/global/en/can-am-on-road/my26/documents/2-wheels/lr/ONRD-2WV-MY26-PULSE-SPEC-Page-ENNA-LR.pdf
dust-moto-hightail,Dust Moto,Hightail,emoto,,10950,https://www.dustmoto.com/products/hightail,80,55,32,5,,70,,,260 mm WP fork,285 mm Ohlins,1200 A PMSM gearbox,Aluminum/aluminum sub-frame,Yes,-,-,garbled weight 220100.0; garbled wheelbase 140055; garbled top speed 75110 | URL verified 2026-08-20 | URL updated 2026-08-20 to live official/official-dealer page.,messy,https://www.dustmoto.com/products/hightail
e-ride-pro-ss-4.0,E Ride Pro,SS 4.0,emoto,2027,4999,https://gritshift.com/products/e-ride-pro-4-0-v1-19-18-wheels-18kw-e-moto,72,50,18,7,62,64,,1260,FastAce 220 mm front travel (SR-spec),,,,yes,,12-month limited,Sold by multiple US dealers as 2027 E Ride Pro SS 4.0 at $4999. 72V 50Ah / 3600 Wh pouch-cell. Range 64+ mi at 25 mph. Wheelbase 49.6 in. No manufacturer.com spec sheet found; dealer pages agree on 18 kW / 72V 50Ah. Top speed 60-62 mph depending on dealer.,messy,https://gritshift.com/products/e-ride-pro-4-0-v1-19-18-wheels-18kw-e-moto
e-ride-pro-mini,E-Ride Pro,Mini,emoto,,3599,https://www.eridepro.com/products/mini-r,72,30,8,3,50,40,55,1155,USD fork 200 mm,Mono-shock,FOC Vector Control,Steel frame,Yes,"Black,Red,Green",12 mo,URL updated 2026-08-20 to live official/official-dealer page.,verified,https://www.eridepro.com/products/mini-r
e-ride-pro-s,E-Ride Pro,S,emoto,,3999,https://www.eridepro.com/products/pro-s,72,30,8,3,50,43,128,1280,Sport,Sport rear,Sine-180A,Aluminum,Yes,Silver?,1 yr,,verified,bikes-csv
e-ride-pro-sr,E-Ride Pro,SR,emoto,,5699,https://www.eridepro.com/products/pro-sr,72,50,25,10,70,62,183,,FASTACE PRO,FASTACE PRO,Bluetooth regen,Aluminum,Yes,Black,1 yr,garbled wheelbase 50,messy,bikes-csv
e-ride-pro-ss-2,E-Ride Pro,SS 2.0,emoto,,4599,https://www.eridepro.com/products/pro-ss-2-0,72,40,12,5,60,50,139,1280,Adjustable,Sport rear,Sine-wave 180A,Aluminum,Yes,Black,1 yr,,verified,bikes-csv
e-ride-pro-ss-3,E-Ride Pro,SS 3.0,emoto,,4999,https://www.eridepro.com/products/pro-ss-3-0,72,50,15.8,6,62,64,167,1300,Adjustable sport,Adjustable sport,Sine-wave vector,Aluminum,Yes,Black,1 yr,,verified,bikes-csv
electric-motion-epure-race-18,Electric Motion,Epure Race 1.8,emoto,2026,11299,https://www.electricmotion-usa.com/epure-race-18-2026,50.4,,18,5,,,,,Aluminium TECH RACING Fork 175 mm,TECH TJ2 170 mm,,25CD4S,,,,1875 Wh pack on USA page (page headline says 1800 Wh). Same 5/18 kW powertrain as 2.5. Lighter battery 24.25 lb.,verified,https://www.electricmotion-usa.com/epure-race-18-2026
electric-motion-epure-race-25,Electric Motion,Epure Race 2.5,emoto,2026,11799,https://www.electricmotion-usa.com/epure-race-25-2026,50.4,,18,5,46.61,,74,1325,Aluminium TECH RACING Fork 175 mm,TECH TJ2 170 mm,,25CD4S,,,,2500 Wh Li-ion pack (Ah not stated as Ah). Weight 163.14 lb. Trials-focused gearbox-free 2026 chassis. 740 Nm wheel torque.,verified,https://www.electricmotion-usa.com/epure-race-25-2026
electric-motion-escape-r,Electric Motion,Escape R,emoto,2026,11999,https://www.electricmotion-usa.com/escape-r-2026,50.4,,18,5,52.8,,83,1331,Steel TECH fork with DLC; 175 mm travel,R 16 V; 170 mm travel,,15CDV6,FRB (fixed regenerative brake); optional PRB R,,,2026 flagship Escape distinct from catalog Escape SE. Official battery 3500 Wh / 50.4 V. Weight 183 lb. Wheelbase 52.4 in. Range given as up to 3.5 hours not miles. Peak typed 18 Kww on page.,verified,https://www.electricmotion-usa.com/escape-r-2026
electric-motion-escape-se,Electric Motion,Escape SE,emoto,2026,10399,https://www.electricmotion-usa.com/escape-se-2026,50.4,,11,6,46.6,37.9,82,1326,Steel TECH Fork with DLC 175 mm,R 16 V 170 mm,,25CD4S,yes,Midnight Blue; Forest Green,,2690 Wh pack. Weight 180.8 lb on spec table; body copy also says 80 kg — used 180.8 lb (82 kg). PRB progressive regenerative brake standard.,verified,https://www.electricmotion-usa.com/escape-se-2026
electric-motion-escape-x-plus,Electric Motion,Escape X+,emoto,2026,11799,https://www.electricmotion-usa.com/escape-x-plus-2026,50.4,,11,6,55.9,,90,1330,Inverted fork 35 mm; 250 mm travel,R 16 V,,25CD4S,PRB (progressive regenerative brake),,,2026 Escape X+ distinct from SE/R. Spec sheet 3800 Wh / 50.4 V; page hero also said 1800WH (conflict; used spec-sheet 3800 Wh). Weight 198 lb. Wheelbase 52.36 in. Range given as up to 4 hours.,messy,https://www.electricmotion-usa.com/escape-x-plus-2026
energica-eva-ribelle,Energica,Eva Ribelle,emoto,,,https://energicamotor.com/models/eva-ribelle,300,,126,110,125,261,260,1466,Marzocchi 45 mm; adj rebound/compression/preload,Bitubo rear mono; adj rebound/preload,Adaptive Control Inverter,Steel tubular trellis,,Stealth Grey; Rosso Corsa; Tricolore,2 years vehicle; 3 years / 31000 miles battery,Official current lineup. Sustained 147 HP (110 kW) / peak 169 HP (126 kW EMCE). Battery max 21.5 kWh / nominal 18.9 kWh. City range ~420 km. USD MSRP not on official page.,verified,https://energicamotor.com/models/eva-ribelle
energica-experia,Energica,Experia,emoto,,,https://energicamotor.com/models/experia,306,,75,60,112,261,260,1513,ZF Sachs 43 mm; 150 mm travel; adj preload/extension/compression,ZF Sachs; 150 mm wheel travel; adj extension/preload,,Front steel tubular trellis / aluminium side plates,Yes; High/Medium/Low/Off,Bormio ICE,3 years / 31000 miles,Official current lineup. 22.5 kWh max / 19.6 kWh nominal. Peak 102 hp (75 kW). USD MSRP not on official page.,verified,https://energicamotor.com/models/experia
evoke-ampx,Evoke,AmpX,emoto,,8580,https://www.evokemotorcycles.com,80,73,21,11,110,63,142,1490,HT 48 mm inverted fork 300 mm travel,PWD mono-shock 120 mm travel,Evoke sine-wave inverter 4.5 kW regen,Off-road motocross chassis,-,"Black,Yellow",Check with dealers,,verified,bikes-csv
fonz-nkd,Fonz,NKD,emoto,,,https://www.fonzmoto.com.au/pages/nkd-overview,,,,,68,,,,Premium hydraulic front,Adjustable rear sports shock,,Chromoly,Yes,Configurable,2 years or 10000 km; frame 7 years or 50000 km,Australian-made production mid-size e-moto (brief Nito NKD maps here). Official: 110 km/h max; city range up to 200 km depending on Powerpack. Modular 3 performance / 3 charging options. Shop prices in AUD; USD not published. Many powertrain specs config-dependent so left empty.,messy,https://www.fonzmoto.com.au/pages/nkd-overview
gowow-alpha,GoWow,Alpha,emoto,,5000,,72,28.8,8,3,80,47,85,1300,USD fork 41 mm,Monoshock,FOC Vector Control,Aluminum Alloy,Yes,"Black,Red,Blue",-,,verified,bikes-csv
havok-03,HAVOK,03,emoto,2026,11995,https://www.ridehavok.com/,,,,,80,,,,,,,,,,2-Year US,"Public site: O3 Series backcountry, 80 MPH, from $11995, pre-orders open, released 2026 Q2, designed/inspected in Los Angeles. No public voltage/kW/Ah table found. Internal wrap print spec labels 72V / 15KW / MODEL 03 / US SPEC — not used as public spec. Mini Series 45 MPH from $5995 listed as coming soon (not added).",messy,https://www.ridehavok.com/
hooga-7270,Hooga,7270,emoto,,5000,https://hoogapowersports.com/product/hooga-7270/,72,70,16,8,62,112,140,,231 lbs,200 mm travel,1000.8V 15A,Aluminum,Yes,"Black,Green,Grey",1 Year Standard,"garbled wheelbase 50; front suspension field looks like weight/size, not a fork",messy,bikes-csv
hooga-8850,Hooga,8850,emoto,,5000,https://hoogapowersports.com/product/hooga-8850/,88,50,25,10,71,87,140,,231 lbs,200 mm travel,1000.8V 15A,Aluminum,Yes,"Black,Red,Blue",1 Year Standard,"garbled wheelbase 50; front suspension field looks like weight/size, not a fork",messy,bikes-csv
horwin-cr6,Horwin,CR6,emoto,,,https://horwin.mt/cr6/,72,55,6.2,,59,93,134,1395,,,FOC,Aluminium magnesium alloy,,,,Specs from official Horwin Malta dealer page (Horwin CR6 / CR6 Pro). Max 95 kph / 150 km at 45 kph avg. Panasonic 18650 pack. CR6 Pro is gearbox variant not added separately. USD MSRP not published here.,messy,https://horwin.mt/cr6/
j2r-smol,J2R,Smol,emoto,,10200,https://j2r.bike/,83,35,35,8,110,150,100,1386,Inverted fork,Central monoshock,Brushless DC controller,Rear hub motor,8 kW hub motor,"Tubeless 120/70-17 F,130/70-17 R","Black, White, Red, Blue, Yellow",Brand column 'Super73' != inferred 'J2R'; Model column 'Sting' != inferred 'Smol' | Name is the real model; Super73/Sting tags were wrong,messy,bikes-csv
ktm-freeride-e,KTM,Freeride E,emoto,2027,,https://www.ktm.com/en-us/models/electric/freeride/2027-ktm-freeridee.html,50.4,110,19.2,11,59,,112,1453,WP Xact USD 43 mm 250 mm,WP Xplor PDS 250 mm,,Chrome-molybdenum steel,yes,Orange,,"Announced as 2025 street-legal refresh then delayed. Cycle News Apr 2026: returning as 2027 MY, early-summer availability, price TBA. Press: 11 kW nominal / 19.2 kW peak, 5.5 kWh. Cycle News 2027 table: 110 Ah / 5.54 kWh, 246.9 lb, 57.2 in wheelbase, 250/250 mm travel. Not confirmed in-stock at every dealer as of 2026-08-20. | URL updated 2026-08-20 to live official/official-dealer page.",messy,https://www.ktm.com/en-us/models/electric/freeride/2027-ktm-freeridee.html
kollter-es1-x-pro,Kollter,ES1-X Pro,emoto,,6995,https://www.kollterelectricmotorcycles.com/es1-xpro,72,31.5,11,11,60,70,,,Hydro-disc adjustable forks,Mono-shock adjustable preload,FOS system,Lightweight alloy frame,Not specified,"5-Year / 50,000 Miles",Yes,garbled weight 250290.0; garbled wheelbase 58,messy,bikes-csv
kuberg-freerider,Kuberg,Freerider,emoto,2025,,https://www.kuberg.com/en/freerider,48,20,14,,47,,40,1260,Manitou Dorado 200 mm,DNM Burner RB-RCP,KUBERG BLDC PRO 48V,Steel double cradle tube,,Black,,"Configurable: 8/12/14 kW controller; 20 or 30 Ah battery; 20/20, 24/24, or 26/24 wheels. Official top speed up to 75 km/h on 14 kW. Wheelbase 126 cm or 132 cm. Weight 40 or 44 kg. Battery_ah uses standard 20.",verified,https://www.kuberg.com/en/freerider
kuberg-ranger,Kuberg,Ranger,emoto,,,https://www.kuberg.com/en/ranger,48,24,14,,50,19,50,1280,Manitou Dorado 200 mm,DNM Burner-RCP-3 200 LBS,KUBERG BLDC PRO 48 V,Steel double cradle tube; powder-coated,Yes,Black; Military Green,,Official configurable 8/12/14 kW peak electrical draw. Battery 24 Ah or 48 Ah; range 19 or 38 mi; weight 50 or 57 kg. Top speed 50 mph is for 14 kW version. USD MSRP not on OEM page. Distinct from catalog Freerider.,verified,https://www.kuberg.com/en/ranger
livewire-s2-alpinista,LiveWire,S2 Alpinista,emoto,2025,12999,https://www.livewire.com/s2-alpinista-electric-motorcycle,,,63,,99,120,197,1443,Showa 43 mm inverted fully adjustable 4.72 in,Showa free-piston monoshock progressive linkage 4.72 in,,Modular structural cast aluminum powertrain,yes,Quasar Red; Liquid Black; Glacier Silver; Asphalt Black,2-year unlimited motorcycle; 5-year unlimited battery,10.5 kWh pack. 84 hp / 63 kW. City 120 / combined 89 / highway 71 mi. Weight 434 lb. Wheelbase 56.8 in. Roll-fwrd regen. Promo pricing has been lower; used current listed starting $12999.,verified,https://www.livewire.com/s2-alpinista-electric-motorcycle
livewire-s2-del-mar,LiveWire,S2 Del Mar,emoto,2024,11999,https://www.livewire.com/s2-del-mar-electric-motorcycle,,,63,,103,113,198,1453,Showa 43 mm inverted fully adjustable 4.73 in,Showa free-piston monoshock 4.73 in,,Modular structural cast aluminum powertrain,yes,Liquid Black; Millrace Blue; Nimbus Gray; Nightfall Blue; Asphalt Black,2-year unlimited motorcycle; 5-year unlimited battery,10.5 kWh. 84 hp / 63 kW. City 113 / combined 86 / highway 70. Weight 436 lb. Wheelbase 57.2 in. Page also shows 2024 promo $9999; starting price listed $11999.,verified,https://www.livewire.com/s2-del-mar-electric-motorcycle
livewire-s2-mulholland,LiveWire,S2 Mulholland,emoto,2026,11999,https://www.livewire.com/s2-mulholland-electric-motorcycle,,,63,,99,120,196,1468,Showa 43 mm inverted 1x1 cartridge; fully adjustable; 5.3 in travel,Showa free-piston monoshock progressive linkage; adj preload/rebound; 3.9 in travel,,Integrated modular cast aluminum; 2-piece cast sub-frame,Yes; roll-forward max regen,Liquid Black/Red; Liquid Black/Black; Lunar White/Gray,2-year unlimited mileage motorcycle; 5-year unlimited HV battery (30% degradation),Current S2 performance cruiser; distinct chassis/ergo from catalog Del Mar / Alpinista. Official 10.5 kWh pack; 84 hp / 63 kW. Weight 432 lb. Wheelbase 57.8 in.,verified,https://www.livewire.com/s2-mulholland-electric-motorcycle
livewire-s4-honcho-street,LiveWire,S4 Honcho Street,emoto,2026,5499,https://www.livewire.com/s4-honcho-electric-motos,,,,,59,53,121,,,,,,,,2-year unlimited mileage,Street-legal Honcho sibling. Weight 266 lb. Same 3.48 kWh removable packs / 59 mph / 53 mi city as Trail. Voltage/kW not published.,verified,https://www.livewire.com/s4-honcho-electric-motos
livewire-s4-honcho-trail,LiveWire,S4 Honcho Trail,emoto,2026,4999,https://www.livewire.com/s4-honcho-electric-motos,,,,,59,53,115,,,,,,,,1-year unlimited mileage,Production began late May 2026; official page Available Summer. Removable batteries 3.48 kWh. Weight 253 lb. Range also listed 73 mi at 20 mph sustained. Voltage/kW not published on product page.,verified,https://www.livewire.com/s4-honcho-electric-motos
maeving-rm1,Maeving,RM1,emoto,,6495,https://maeving.com/en-gb/pages/maeving-rm1-electric-motorcycle,50.4,42,4.4,3,45,80,111,,Telescopic fork; 110 mm travel,Dual shocks with preload adjustment; 80 mm travel,,CrMo steel cradle,,,2 years,Official urban e-moto. Dual-battery max range 80 mi / WMTC 63 mi; single-battery 40 / 29. Unladen weight 244 lb is single-battery. Battery 2 kWh LG MJ1; page also lists charging capacity 42 Ah. Bosch hub motor.,verified,https://maeving.com/en-gb/pages/maeving-rm1-electric-motorcycle
maeving-rm2,Maeving,RM2,emoto,2026,10995,https://maeving.com/en-us/products/maeving-rm2,,,11.1,7.2,70,80,,,,,,,,,,"2026 two-up model distinct from RM1. Official US product page: $10995, 70 mph, up to 80 miles, 11.1 kW peak. Explore page also states 7.2 kW motor / 261 Nm. Dual removable batteries.",verified,https://maeving.com/en-us/products/maeving-rm2
niu-rqi-sport,NIU,RQi Sport,emoto,,,https://global.niu.com/en-us/product/rqi-sport,72,36,7.5,5,68,65,186,1455,,,FOC Vector Control 180 A,,,,3 Years (Smart App line on US page),Official motorcycle (not scooter). Dual removable 72V 36Ah packs; energy 5184 Wh. Vehicle weight 410 lb. EUR 7999 shown on some NIU regional pages; no USD on US product page. Dual-channel ABS + TCS; Brembo calipers.,verified,https://global.niu.com/en-us/product/rqi-sport
on-ozy-30x,ON Powersports,OZY 30x,emoto,2025,,https://onpowersports.com/2025-on-ozy-30x-electric-enduro-electric-dirtbike-e-enduro/,,,32,,,,120,,,,,,,Black; White; Grey,2-year,"Australian production enduro, pre-order with ~3 month build. Press/launch: 32 kW, 4.4 kWh, 707 Nm wheel torque, 120 kg, Standard AUD $10999 / Factory AUD $13999. OEM page blocked by bot check; USD price not listed. Factory Edition: KYB / Nissin / Renthal.",messy,https://www.visordown.com/news/powersports-launches-ozy-30x-electric-dirt-bike
oset-txp-24,OSET,TXP-24,emoto,2024,,https://osetbikes.com/gb/bikes/txp-24/,50.4,28,,1.6,24,,48.1,1220,160 mm air sprung rebound/compression/volume,145 mm air sprung rebound/volume,1600W IP67,Steel tubular,,,,"Current OSET 24-inch trials/xplore machine (replaces older 24.5). Official: 50.4V 28Ah, 48.1 kg trials / 49.6 kg Xplore. Manual lists 24 mph and rear travel 160 mm vs site 145 mm — used official page travel, manual speed. Adult/teen trials, not a 500W kids toy. 90 kg rider limit. | URL updated 2026-08-20 to live official/official-dealer page.",verified,https://osetbikes.com/gb/bikes/txp-24/
rfn-ares-endurance,RFN,Ares Endurance,emoto,2025,4499,https://www.rfnbike.com/products/endurance,,,4,,,99,,,,,,,,,,"Official US page: $4499, 4 kW peak, 2590 Wh, claimed 160 km. Full electrical/chassis table not on fetched page. Distinct long-range Ares variant vs Rally Pro.",messy,https://www.rfnbike.com/products/endurance
rfn-ares-rally-pro,RFN,Ares Rally Pro,emoto,2026,4999,https://www.rfnbike.com/products/rally-pro,74,43,12.5,5,60,100,68,1330,USD dual-adjustable 210 mm,Adjustable monoshock 243 mm x 51.5 mm travel,Sine wave,6082 aluminum extruded/forged/CNC + steel,yes,Red & Blue; Black Grey & Gold,2-year,"US official: $4999, 12.5 kW peak, 3132 Wh. UK 2026 page: 74V 43Ah / 3182 Wh, 60 mph, 100 mi at 12.5 mph, 68 kg. AU page lists 12 kW peak and 80 km/h. Used official US price/peak and UK 2026 electrical/chassis table. Battery Wh conflict 3132 vs 3182 noted.",messy,https://www.rfnbike.com/products/rally-pro
rfn-warrior-pro-sx-e15,RFN,Warrior Pro SX-E15,emoto,2025,5499,https://www.rfnbike.com/products/sx-e15,74,40,15,8,55.9,49.71,,1346,Competition dual-adjustable,Competition dual-adjustable,,6082 aluminum alloy,,,2-Year,Official RFN page key features say 15 kW peak / 2960Wh; highlight copy also says 8 kW motor. Battery stated 74V 40Ah Samsung 50S. Wheelbase given as 53 in. Page showed Sold Out at fetch. Distinct from catalog Ares Rally Pro / Endurance.,messy,https://www.rfnbike.com/products/sx-e15
rfn-warrior-pro-sx-e15-plus,RFN,Warrior Pro SX-E15 Plus,emoto,2025,5649,https://www.rfnbike.com/products/sx-e15-plus,74,40,15,8,62.1,,,,Competition+ dual-adjustable,Competition+ dual-adjustable,,,,,2-Year,Tall-rider Warrior Pro; official page 36 in seat / 62.1 mph vs SX-E15 35 in / 55.9 mph. Shares 8 kW motor + 2960Wh pack language. Page Sold Out at fetch.,messy,https://www.rfnbike.com/products/sx-e15-plus
rawrr-mantis-1,Rawrr,Mantis 1,emoto,,4499,https://rawrr.com/products/mantis,72,35,7.5,5,54,60,165,1290,200 mm hyd.,Rear shock 75 mm,Sine-200A,Aluminum,Yes,Black/White,1 yr,,verified,bikes-csv
rawrr-mantis-x,Rawrr,Mantis X,emoto,2025,2999,https://rawrrmantis.com/products/rawrr-mantis-electric-off-road-motorcycle-72v-mantis-x,72,30,7.5,4,50,62,,1245,200 mm front fork travel,,,6061 aluminum alloy,,,365-day or 1610 km power system,"Official global: 72V 30Ah (2160 Wh), 4000W rated / 7500W peak, 80 km/h, 100 km range, 1245 mm wheelbase. US riderawrr lists Mantis X from $2999. Also L3e road-legal version. Distinct from existing catalog Rawrr Mantis 1.",verified,https://rawrrmantis.com/products/rawrr-mantis-electric-off-road-motorcycle-72v-mantis-x
rawrr-mantis-x-pro,Rawrr,Mantis X Pro,emoto,2025,3899,https://www.riderawrr.com/mantis-x-pro,72,,15,5,65,62,72,,200 mm front fork travel,70 mm rear travel,,6061 aluminum alloy,,,365-day or 1000-mile power system,"Official US: $3899, 15 kW peak / 5 kW nominal, 72V 2520 Wh 50S pack, 65+ mph, 62 mi, 158.5 lb. Measurement widgets on page are broken; used electrical/performance section only. NZ dealer lists 105 km/h.",messy,https://www.riderawrr.com/mantis-x-pro
razor-stage-2-m1,Razor,Stage 2 M1,emoto,,3350,https://www.stage2emoto.com/homepage/m1-product-page/,60,40,6,6,47,40,115,950,Coil inverted,Monoshock,Sine-wave?,Aluminum,No,"Black,Red,Blue",1 yr,URL verified 2026-08-20 | URL updated 2026-08-20 to live official/official-dealer page.,verified,https://www.stage2emoto.com/homepage/m1-product-page/
rerode-r1,ReRode,R1,emoto,,3999,https://rerode.bike/products/r1-2,72,35,10,4,55,75,130,1239,203 mm,85 mm,EBMX X-9000,ReRode R1 2.0,Yes,Black (latest version),- (not stated),,verified,bikes-csv
rerode-r1-plus,ReRode,R1+,emoto,,4500,https://rerode.bike/products/r1-3,72,40,12,6,55,75,130,1239,203 mm,85 mm,EBMX X-9000,ReRode R1 2.0,Yes,Black (latest version),1 yr,,verified,bikes-csv
segway-x160,Segway,X160,emoto,,4800,https://store.segway.com/segway-dirt-ebike-x160,48,32,5,3,31,65,55,1265,USD fork 200 mm,Mono-shock,FOC sine wave,Aluminum Alloy,Yes,"Black,Red",1 yr,"combined X160/X260 source row; kept as X160 (separate X260 row exists); product URL was an Airtable cell link, dropped | URL verified 2026-08-20 | URL updated 2026-08-20 to live official/official-dealer page.",messy,https://store.segway.com/segway-dirt-ebike-x160
segway-x260,Segway,X260,emoto,,4800,https://support.segway.com/support_product.php?segcatid=50,60,35,5,3,74,74,55,1260,USD fork 200 mm,Mono-shock,Sine-wave BLDC,Aluminum Alloy,Yes,"Black,Red",1 yr,URL updated 2026-08-20 to live official/official-dealer page.,verified,https://support.segway.com/support_product.php?segcatid=50
stark-varg,Stark,VARG,emoto,,12900,https://starkfuture.com/products/stark-varg,360,,,14,70,62,243,1480,243lbs,"KYB 48 mm,310 mm travel",938 Nm,Customizable via app,Yes (adjustable),Customizable via app,"2 years (bike), 1 year (battery)",Model column 'EX' != inferred 'VARG'; peak power field contains mph | URL updated 2026-08-20 to live official/official-dealer page.,messy,https://starkfuture.com/products/stark-varg
stark-varg-ex,Stark,VARG EX,emoto,,11990,https://starkfuture.com/products/stark-varg-ex,360,,60,14,68,1,,1485,KYB 300 mm,KYB 300 mm linkage,Sine wave + app,Same,Yes,Same,Red/White/Grey,garbled weight 264120.0,messy,https://starkfuture.com/products/stark-varg-ex
surron-light-bee-2,Sur-Ron,Light Bee 2,emoto,2026,,https://surron.ae/products/2026-surron-light-bee-2-electric-dirt-bike,,,24,,56,67,65,1280,,,,Lightweight forged frame,,Midnight Black; Desert Brown; Spruce Green; Glacier White,,2026 model listed as pre-order on regional Sur-Ron dealer. 3.53 kWh semi-solid-state battery. Range 108 km. Specs may vary by market. Distinct from existing catalog Sur-Ron LBX / Ultra Bee / Storm Bee / Hyper Bee. No official surron.com spec sheet found.,messy,https://surron.ae/products/2026-surron-light-bee-2-electric-dirt-bike
surron-light-bee-l1e,Sur-Ron,Light Bee L1E 10kW MY26,emoto,2026,,https://sur-ron.co.uk/light-bee-l1e-10kw-my26/,72,35,10,,28,46.6,62,1255,200 mm travel front fork,Intersect TR multi-link; 85 mm travel fully adjustable reservoir shock,MTPA/MTPV FOC,Forged aluminium alloy double-cradle,Yes; 5 adjustable levels,White; Black; Purple; Green,,Road-legal L1e SKU distinct from catalog Light Bee X / Light Bee 2. Official Sur-Ron UK page RRP £4499 (USD not published). Energy 2.5 kWh. Top speed 45 km/h homologated. Also listed NZ/EU.,verified,https://sur-ron.co.uk/light-bee-l1e-10kw-my26/
surron-hyper-bee,Surron,Hyper Bee,emoto,,2499,https://sur-ron.co.uk/hyper-bee/,50,25,5,5,50,50,,,"35 mm inverted dual-shoulder fork,170 mm travel",230 mm air rear shock,PMSM MTPA/MTPV,Forged aluminum alloy,"Yes, slide energy recovery","Yellow,black,white",- (not stated),garbled weight 3940.0; garbled wheelbase 10351500; Hyper Bee specs look copy-pasted from Light Bee X | URL updated 2026-08-20 to live official/official-dealer page.,messy,https://sur-ron.co.uk/hyper-bee/
surron-light-bee-x,Surron,Light Bee X,emoto,,4599,https://sur-ron.co.uk/light-bee-x/,60,40,6,3,45,50,,,"35 mm inverted dual-shoulder fork,170 mm travel",230 mm air rear shock,PMSM MTPA/MTPV,Forged aluminum alloy,"Yes, slide energy recovery","Yellow,black,white",- (not stated),garbled weight 3940.0; garbled wheelbase 10351500 | URL updated 2026-08-20 to live official/official-dealer page.,messy,https://sur-ron.co.uk/light-bee-x/
surron-storm-bee,Surron,Storm Bee,emoto,,7999,https://sur-ron.co.uk/storm-bee/,90,48,22.5,10,68,120,127,1430,"47 mm inverted fork,290 mm travel",290 mm mono shock,FOC sine-wave,Forged aluminum alloy,Yes (BERS),Dark green / black,1 yr,URL updated 2026-08-20 to live official/official-dealer page.,verified,https://sur-ron.co.uk/storm-bee/
surron-ultra-bee,Surron,Ultra Bee,emoto,,5999,https://sur-ron.co.uk/ultra-bee/,74,55,12.5,8,65,140,88.5,1380,240 mm hydraulic fork,240 mm mono shock,FOC PMSM MTPA/MTPV,Forged aluminum alloy,Yes (BERS),Dark green / sand / black,1 yr,URL updated 2026-08-20 to live official/official-dealer page.,verified,https://sur-ron.co.uk/ultra-bee/
tacita-t-race-enduro,Tacita,T-Race Enduro,emoto,,,https://www.tacita.it/t-race-enduro/,,,22,,,37,,1490,Marzocchi USD 45 mm; 300 mm travel,Ohlins fully adjustable progressive link; 300 mm travel,,Split single-beam chrome-molybdenum,Yes; 2 engine-brake maps,,,Official Italian OEM enduro. 10.6 kWh Li-Po (5.3 kWh optional). Range 60 km off-road recreational before reserve. 5-speed gearbox + hydraulic clutch. USD MSRP not on page. Separate US tacitamotorcycles.com TD Enduro R/S pages also exist.,verified,https://www.tacita.it/t-race-enduro/
talaria-dragon,Talaria,Dragon,emoto,2025,5099,https://talariaebikebrand.com/product/talaria-dragon/,88,58.5,28,10,70,93,100,1380,Adjustable air-spring fork,Adjustable mono-shock,FOC,Aluminum alloy,,Green; Blue; Mix Blue and Green,12-month manufacturer,5.2 kWh NMC pack. Range 93 mi is 25 km/h cruise; typical trail 50-68 mi. ABS + traction control standard. Also sold as L1E road-legal. Price range $5099-$5499.,verified,https://talariaebikebrand.com/product/talaria-dragon/
talaria-komodo,Talaria,Komodo,emoto,,5600,https://talariaebikebrand.com/product/talaria-komodo/,96,45,32,8.6,66,71,95,1350,48 mm USD 300 mm stroke,Mono-shock adjustable,FOC Vector Control,Lightweight aluminum alloy frame,Yes,"Black,Red",1 yr,URL updated 2026-08-20 to live official/official-dealer page.,verified,https://talariaebikebrand.com/product/talaria-komodo/
talaria-sting-l1e,Talaria,Sting L1E,emoto,,3199,https://talariaebikebrand.com/product/talaria-sting-road-legal-l1e-60v-38-4ah/,60,38.4,6,3,30,55,58,1250,,,,6061 aluminum alloy,,Gold,12-month manufacturer,Road-legal L1e homologated Sting; distinct from catalog MX3/MX4/MX5. Legal ~30 mph; page also states 47+ mph off-road with limiter off. LG 21700 pack. Range 55 mi listed as estimate. US dealer official storefront.,messy,https://talariaebikebrand.com/product/talaria-sting-road-legal-l1e-60v-38-4ah/
talaria-sting-mx3,Talaria,Sting MX3,emoto,,3099,https://talariaebikebrand.com/product/talaria-sting-mx3/,60,38,6,3,47,44,63,1225,FASTACE PRO,Mono-shock,FOC Vector Control,Aluminum Alloy,Yes,Black,1 yr,URL updated 2026-08-20 to live official/official-dealer page.,verified,https://talariaebikebrand.com/product/talaria-sting-mx3/
talaria-sting-mx4,Talaria,Sting MX4,emoto,,3499,https://talariaebikebrand.com/product/talaria-sting-r-mx4/,60,45,8,4,53,70,66,1225,USD fork 200 mm,Mono-shock,Integrated h,Aluminum Alloy,No,"Black/Sand,Blue",1 yr,URL updated 2026-08-20 to live official/official-dealer page.,verified,https://talariaebikebrand.com/product/talaria-sting-r-mx4/
talaria-sting-mx5,Talaria,Sting MX5 Pro,emoto,,4100,https://talariaebikebrand.com/product/talaria-sting-mx5-pro/,72,40,13.4,5.5,70,75,110,1250,V+air susp.,Air+spring,Sine?,Alloy,Yes,Black/Sand,1 yr,URL updated 2026-08-20 to live official/official-dealer page.,verified,https://talariaebikebrand.com/product/talaria-sting-mx5-pro/
talaria-xxx,Talaria,XXX,emoto,,2499,https://talariaebikebrand.com/product/talaria-x3/,60,40,6,3,47,71,58,,Adjustable,Mono-shock,Sine Wave,Lightweight alloy frame,Yes,"Black,Grey,Red",1 yr,URL updated 2026-08-20 to live official/official-dealer page.,verified,https://talariaebikebrand.com/product/talaria-x3/
terra-prime,Terra,Prime,emoto,,6995,https://terramotorcycles.com/products/order,72,42,24.1,6,65,113,73,1473,DNM USD-8 inverted fork,DNM MK-AR shock,"72 V, 200 A controller",Chromoly steel frame,8 kW hub motor,Multiple/custom,1 yr,Brand column 'Talaria' != inferred 'Terra'; Model column 'MX3' != inferred 'Prime' | Name/URL are Terra Motorcycles; Talaria MX3 tag was wrong,messy,bikes-csv
trailblaze-omega,Trailblaze,Omega,emoto,,2699,https://trailblazemotors.com/products/omega,96,55,30,9,75,90,118,,RockShox 140 mm,RockShox Deluxe,Advanced controller,High-performance drivetrain,"9 kW rated, 30 kW peak","Tubeless 120/70-17 F,130/70-17 R","Black, White, Red, Blue, Yellow",Brand column 'Talaria' != inferred 'Trailblaze'; Model column 'MX3' != inferred 'Omega'; garbled wheelbase 48,messy,bikes-csv
ubco-2x2-adventure,UBCO,2X2 Adventure,emoto,2025,5999,https://ubco.com/pages/2x2-adventure,,,2,2,30,75,,,,,,,,Black; White,,"Official: dual 1 kW hub motors (AWD). 3.1 kWh version $5999: 30 mph, 75 mi max / 50 mi off-road. 2.1 kWh version $4999: 50 mi max / 35 mi off-road. Frame 112 lb / 50 kg with battery removed. Also Sage Green Special Edition $6999.",verified,https://ubco.com/pages/2x2-adventure
ubco-2x2-work,UBCO,2X2 Work,emoto,,3999,https://ubco.com/pages/2x2-work,,,2,2,30,50,,,Adjustable telescopic,Adjustable dual shock,,3D alloy / step-through alloy,SR regenerative brake system,Black,,Off-road-only utility AWD distinct from catalog 2X2 Adventure. Official from $3999 (2.1 kWh) or $4999 (3.1 kWh Dash). Dual 1 kW hub motors. Range 50 mi max / 35 mi off-road on 2.1 kWh; 75/50 on 3.1 kWh. Frame without battery 50 kg.,verified,https://ubco.com/pages/2x2-work
vmoto-tc-max,VMoto,TC Max,emoto,,,https://vmoto.com/models/tcmax,72,45,5.1,3.9,59,57,79,1347,Hydraulic damping system,Hydraulic damping system,FOC 3.0,,,Blue; Black,,Official VMoto cafe-racer motorcycle (Super Soco TC Max lineage). Homologation L3e-A1. Weight 79 kg without battery. Range 92 km WMTC Stage 3. Top speed 95 km/h. USD MSRP not on OEM page.,verified,https://vmoto.com/models/tcmax
ventus-one,Ventus,One,emoto,,6699,https://ventusbikes.us/products/ventus-one-plus,72,50,28,20,120,75,69,1250,79Bike i2 Shock 450 lb with TR Suspension,Same as front,Sine Wave,Forged Alloy,Yes,"Purple,Red,Yellow",1 yr / 3 yr batt,Model column 'XXX' != inferred 'One',messy,https://ventusbikes.us/products/ventus-one-plus
zero-dsr-x,Zero,DSR/X,emoto,2026,20495,https://zeromotorcycles.com/model/zero-dsrx,,,75,,112,179,247,1525,Showa 47 mm SFF cartridge forks; 190 mm travel,Showa 46 mm piggy-back reservoir shock; 190 mm travel,900 Amp 3-phase AC with regenerative deceleration,,Yes,Orbit Blue,2 years motorcycle; 5 years/unlimited miles power pack,Current adventure dual-sport. Official page MSRP $20495 (some dealers list $22995). Z-Force 17.3 kWh max / 15.1 kWh nominal. Peak 100 hp (75 kW). Voltage not published.,verified,https://zeromotorcycles.com/model/zero-dsrx
zero-fx,Zero,FX,emoto,2026,10995,https://zeromotorcycles.com/model/zero-fx,,,34,,85,102,131,1438,Showa 41 mm inverted cartridge forks; 218 mm travel; adj preload/compression/rebound,Showa 40 mm piggy-back reservoir shock; 227 mm travel,550 amp 3-phase brushless with regenerative deceleration,,Yes,Slate/Green,2 years motorcycle; 5 years/unlimited miles power pack,Current dual-sport; distinct from catalog FXE / XE / XB. Official Z-Force 7.2 pack 7.2 kWh max / 6.3 kWh nominal. Peak 46 hp (34 kW). Voltage not published on page.,verified,https://zeromotorcycles.com/model/zero-fx
zero-fxe,Zero,FXE,emoto,2025,10495,https://zeromotorcycles.com/model/zero-fxe,,,34,,85,105,140,1422,Showa 41 mm inverted cartridge 178 mm,Showa 40 mm piggyback 227 mm,550 amp 3-phase with regenerative deceleration,,yes,White,2 years motorcycle; 5 years/unlimited miles power pack,"Z-Force 7.2: 7.2 kWh max / 6.3 kWh nominal. City 105 mi. Curb 309 lb in spec table; another block on same page lists 298 lb — used 309 lb. Street supermoto, not a dirt bike.",verified,https://zeromotorcycles.com/model/zero-fxe
zero-sr-s,Zero,SR/S,emoto,2026,18745,https://zeromotorcycles.com/en-us/model/zero-srs,,,83,,124,171,235,1450,Showa 43 mm BPSF forks; 120 mm travel,Showa 40 mm piggy-back reservoir shock; 140 mm travel,900 Amp 3-phase AC with regenerative deceleration,,Yes,Orbit Blue / Coral,2 years motorcycle; 5 years/unlimited miles power pack,Current street sport-touring. Official MSRP $18745. Z-Force 17.3 kWh max / 15.1 kWh nominal. Peak 111 hp (83 kW). Voltage not published.,verified,https://zeromotorcycles.com/en-us/model/zero-srs
zero-xb,Zero,XB,emoto,2026,4395,https://zeromotorcycles.com/model/zero-xb,74,32,7.5,,50,40,63,,Fully adjustable 195 mm fork / 200 mm wheel travel,Fully adjustable 76 mm shock / 176 mm wheel travel,,,,,12 months motorcycle; 1 year power pack,"Official page: 2.4 kWh, 7.5 kW / 10 hp, 50 mph, 40 mi at 31 mph, 63 kg, $4395. X-Line brochure lists 28 mph top speed and 47 mi at 31 mph — conflict; used official product page for speed/range. 74V 32Ah from brochure.",messy,https://zeromotorcycles.com/model/zero-xb
zero-xe,Zero,XE,emoto,2026,5995,https://zeromotorcycles.com/model/zero-xe,74,58,15.5,,53,65,101,,Fully adjustable 210 mm fork / 220 mm wheel travel,Fully adjustable 85 mm shock / 248 mm wheel travel,,,,,12 months motorcycle; 1 year power pack,"Official: 4.3 kWh, 15.5 kW / 20.1 hp, 53 mph, 65 mi at 31 mph, 101 kg, $5995, IP65, swappable battery. Voltage/Ah 74V 58Ah from Zero X-Line brochure. 21/18 wheels.",verified,https://zeromotorcycles.com/model/zero-xe
evoke-6061-gt,Evoke,6061-GT,,,24995,https://www.evokemotorcycles.com/6061-gt,336,89,120,90,143,40,,1760,KKE 54 mm inverted USD fork 3-way adjustable,KKE dual coilover shocks 3-way adjustable,High-performance inverter regen + ECU,Twin plate aerospace-grade aluminum,"Yes, up to 10 kW","Obsidian Black,Arctic White",2-Year unlimited mileage warranty,garbled weight 705.0,messy,bikes-csv
evoke-urban-classic,Evoke,Urban Classic,,,9895,https://www.evokemotorcycles.com/urban-classic,72,139,25,11,87,156,,1380,42 mm inverted fork dual shock,Mono-shock adjustable,Evoke sine-wave inverter 800 A,Steel frame,"Yes, up to 4.5 kW","Rogue Red,Oceanic Blue,Galaxy Grey",2-Year unlimited mileage warranty,garbled weight 460.0 | URL updated 2026-08-20 to live official/official-dealer page.,messy,https://www.evokemotorcycles.com/urban-classic
evoke-urban-s,Evoke,Urban S,,,9895,https://www.evokemotorcycles.com/urban-s,72,139,25,11,87,156,,1360,42 mm inverted fork dual shock,Mono-shock adjustable,400 A DC wave controller,Steel frame,"Yes, up to 4.5 kW","Wine Red,Midnight Black",2-Year unlimited mileage warranty,garbled weight 460.0,messy,bikes-csv
evoque-legacy,Evoque,Legacy,,,3500,https://www.emotousa.com/,72,49,15,8,120,70,70,1300,Dual front fork,Dual rear shocks,Advanced controller,High-torque drivetrain,8 kW hub motor,"Tubeless 120/70-17 F,130/70-17 R","Matte Silver, Black",,verified,bikes-csv
gowow-ori,GoWow,Ori,,,4095,https://go-wow.co.uk/store/p/ori,74,38.4,9,4,100,62,73,1275,Inverted fork 210 mm travel,Rear shock 210 mm travel,PMSM with Boost sprint,6061 aluminum alloy,Yes,Multiple/custom,1 yr,,verified,bikes-csv
kollter-cs1,Kollter,CS1,,,6995,https://www.kollterelectricmotorcycles.com/cs1,72,76,11,,70,60,308,,Lightweight alloy front forks,5-way adjustable Nitrox shock,BMS + Motor Controller,Lightweight aluminum alloy frame,Not specified,"Black,Gray,Blue","2-Year / 24,000 Miles",garbled wheelbase 58,messy,bikes-csv
kollter-es1-s-pro,Kollter,ES1-S Pro,,,6995,https://www.kollterelectricmotorcycles.com/es1-spro,72,64,11,5,70,70,,,Inverted alloy telescopic forks,Mono-shock adjustable preload,FOC system,Steel twin-spar frame,Not specified,"2-Year / 24,000 Miles",Yes,garbled weight 290298.0; garbled wheelbase 58,messy,bikes-csv
kollter-rs1-street,Kollter,RS1 Street,,,7995,https://www.kollterelectricmotorcycles.com/rs1,72,120,35,,75,120,,,Inverted hydraulic front fork,Nitrogen-filled mono-shock,BMS + Motor Controller,Lightweight alloy frame,Not specified,"2-Year / 24,000 Miles",Yes,garbled weight 417.0; garbled wheelbase 61 | URL updated 2026-08-20 to live official/official-dealer page.,messy,https://www.kollterelectricmotorcycles.com/rs1
niu-mqi-gt,NIU,MQi GT,,,5299,https://www.niu.com/en/product/mqigt,48,31,3.1,3,43,62,128,,Telescopic fork,Dual shocks,FOC Vector Control,Steel frame,Yes regen braking,"Sector Red,Vapor Grey",2-Year Unlimited Mileage Warranty,garbled wheelbase 55,messy,bikes-csv
niu-mqi-gt100,NIU,MQi GT100,,,5659,https://global.niu.com/,72,26,6,5,62,62,128,,Telescopic hydraulic fork,Dual hydraulic shocks,FOC Vector Control,Steel frame,Yes regen braking,"Red,Green,Black,Blue",1 yr,garbled wheelbase 54,messy,bikes-csv
niu-nqi-gts,NIU,NQi GTS,,,5340,https://global.niu.com/en-us/product/NQi-GTS,60,52,3.1,3,80,135,114,1325,Telescopic fork,Dual rear shocks,FOC vector control,Steel frame,Yes regen,"Black,White,Red,Blue,Yellow","2-year unlimited mileage, 3-year battery",,verified,bikes-csv
niu-xqi3,NIU,XQi3,,,5999,https://global.niu.com/en-us/product/XQi3,72,32,8,3.5,51,55,156.5,1270,Adjustable KKE inverted fork 200 mm travel,Adjustable KKE mono-shock 85 mm travel,FOC Vector Control 80 A,Aluminum frame,No,TFT Display,220 mm / 203 mm hydraulic,,verified,bikes-csv
nuen-n1-s,NUEN,N1-S,,,6800,https://nuenmoto.com/en/pages/n1-s,72,,24,24,130,245,171,1445,USD fork 41 mm,Mono-shock 296 mm,Dual-channel ABS controller,N-Chassis aluminum,Yes,"Black,Red,Blue","2 years (bike), 1 year (battery)",Brand column 'Surron' != inferred 'NUEN'; Model column 'XQi3' != inferred 'N1-S',messy,bikes-csv
rieju-e-tango,Rieju,e-Tango,,,4900,https://rieju.com/en/electric/112/248/etango,74,43,5,4,45,80,78,1330,USD fork 200 mm,Adjustable monoshock,PMSM controller,Rear hub motor,PMSM motor,"Tubeless 120/70-19 F,130/70-18 R","Green, Black",Brand column 'Razor' != inferred 'Rieju'; Model column 'Stage2 M1' != inferred 'e-Tango',messy,https://rieju.com/en/electric/112/248/etango
ryvid-anthem,Ryvid,Anthem,,,7800,https://ryvid.com/pages/anthem,72,60,14,7.5,75,110,240,,Inverted fork 3.9 in travel,Mono-shock 1.3 in travel,Stock or optional ASI controller,Stainless steel frame,Yes adjustable regen,"Atomic Gold,Galactica Black,Carbon Grey","Lifetime frame, 2 yr battery, 1 yr parts",garbled wheelbase 52 | URL updated 2026-08-20 to live official/official-dealer page.,messy,https://ryvid.com/pages/anthem
ryvid-outset,Ryvid,Outset,,,5995,https://ryvid.com/pages/outset,72,60,14,7.5,75,70,315,,Inverted fork 6.5 in travel,Mono-shock 1.8 in travel,Stock or optional ASI controller,Stainless steel frame,Yes adjustable regen,"Sector Red,Vapor Grey","Lifetime frame, 2 yr parts",garbled wheelbase 52,messy,bikes-csv
verge-ts-pro,Verge,TS Pro,,,29900,https://www.vergemotorcycles.com/ts-pro/,400,,102,102,124,370,245,1539,Öhlins inverted fork,Öhlins TTX-RT monoshock,Integrated h,Lightweight aluminum alloy frame,Yes,Multiple/custom,1 yr / 3 yr batt,,verified,bikes-csv
verge-ts-ultra,Verge,TS Ultra,,,44900,https://www.vergemotorcycles.com/ts-ultra/,400,,150,150,124,233,245,1540,Öhlins inverted fork,Öhlins TTX-RT monoshock,Integrated hubless system,Lightweight aluminum alloy frame,Yes,Multiple,-,,verified,bikes-csv
